Data Notes:,,,,,,,,,,,,,,,,,,,,,,,
Scores reflect all ILEARN Spring 2024 testers,,,,,,,,,,,,,,,,,,,,,,,
*** - Indicates less than 10 students in group.  Results have been supressed to protect student privacy,,,,,,,,,,,,,,,,,,,,,,,
,,Grade 3,,,Grade 4,,,Grade 5,,,Grade 6,,,Grade 7,,,Grade 8,,,Corporation Total,,,
Corp ID,Corp Name,"ELA & Math
Total
Proficient","ELA & Math
Total
Tested","ELA & Math
Proficient 
%","ELA & Math
Total
Proficient","ELA & Math
Total
Tested","ELA & Math
Proficient 
%","ELA & Math
Total
Proficient","ELA & Math
Total
Tested","ELA & Math
Proficient 
%","ELA & Math
Total
Proficient","ELA & Math
Total
Tested","ELA & Math
Proficient 
%","ELA & Math
Total
Proficient","ELA & Math
Total
Tested","ELA & Math
Proficient 
%","ELA & Math
Total
Proficient","ELA & Math
Total
Tested","ELA & Math
Proficient 
%","ELA & Math
Total
Proficient","ELA & Math
Total
Tested","ELA & Math
Proficient 
%",
0015,Adams Central Community Schools,30,89,33.7%,38,94,40.4%,25,102,24.5%,63,111,56.8%,46,100,46.0%,48,99,48.5%,250,595,42.0%,
0025,North Adams Community Schools,21,100,21.0%,28,90,31.1%,15,82,18.3%,25,82,30.5%,21,93,22.6%,26,98,26.5%,136,545,25.0%,
0035,South Adams Schools,30,90,33.3%,34,100,34.0%,36,90,40.0%,25,101,24.8%,29,93,31.2%,42,88,47.7%,196,562,34.9%,
0125,MSD Southwest Allen County Schls,267,546,48.9%,249,538,46.3%,245,569,43.1%,227,591,38.4%,250,623,40.1%,231,612,37.7%,1469,3479,42.2%,
0225,Northwest Allen County Schools,259,592,43.8%,256,654,39.1%,219,650,33.7%,224,685,32.7%,210,666,31.5%,203,651,31.2%,1371,3898,35.2%,
0235,Fort Wayne Community Schools,540,2131,25.3%,516,2104,24.5%,423,2022,20.9%,316,1952,16.2%,295,2038,14.5%,230,1994,11.5%,2320,12241,19.0%,
0255,East Allen County Schools,227,677,33.5%,223,755,29.5%,182,702,25.9%,203,710,28.6%,178,750,23.7%,190,767,24.8%,1203,4361,27.6%,
0365,Bartholomew Con School Corp,280,844,33.2%,302,850,35.5%,271,826,32.8%,257,845,30.4%,219,840,26.1%,219,856,25.6%,1548,5061,30.6%,
0370,Flat Rock-Hawcreek School Corp,18,56,32.1%,31,79,39.2%,31,84,36.9%,24,76,31.6%,14,75,18.7%,16,68,23.5%,134,438,30.6%,
0395,Benton Community School Corp,22,101,21.8%,26,105,24.8%,28,102,27.5%,32,126,25.4%,32,138,23.2%,14,124,11.3%,154,696,22.1%,
0515,Blackford County Schools,39,110,35.5%,16,89,18.0%,28,116,24.1%,27,99,27.3%,32,101,31.7%,38,110,34.5%,180,625,28.8%,
0615,Western Boone Co Com Sch Dist,59,122,48.4%,57,104,54.8%,57,120,47.5%,51,112,45.5%,64,114,56.1%,49,142,34.5%,337,714,47.2%,
0630,Zionsville Community Schools,374,603,62.0%,415,628,66.1%,294,607,48.4%,315,610,51.6%,333,596,55.9%,286,556,51.4%,2017,3600,56.0%,
0665,Lebanon Community School Corp,94,275,34.2%,100,271,36.9%,69,265,26.0%,88,293,30.0%,81,257,31.5%,78,268,29.1%,510,1629,31.3%,
0670,Brown County School Corporation,48,113,42.5%,46,107,43.0%,39,115,33.9%,34,133,25.6%,30,138,21.7%,19,108,17.6%,216,714,30.3%,
0750,Carroll Consolidated School Corp,19,72,26.4%,33,83,39.8%,21,87,24.1%,21,61,34.4%,20,85,23.5%,18,82,22.0%,132,470,28.1%,
0755,Delphi Community School Corp,21,103,20.4%,20,104,19.2%,25,96,26.0%,18,98,18.4%,16,91,17.6%,18,91,19.8%,118,583,20.2%,
0775,Pioneer Regional School Corp,16,65,24.6%,8,60,13.3%,3,79,3.8%,11,75,14.7%,25,58,43.1%,19,69,27.5%,82,406,20.2%,
0815,Lewis Cass Schools ,15,102,14.7%,22,80,27.5%,26,118,22.0%,23,105,21.9%,21,108,19.4%,18,99,18.2%,125,612,20.4%,
0875,Logansport Community Sch Corp,64,335,19.1%,64,332,19.3%,31,329,9.4%,28,324,8.6%,24,311,7.7%,36,303,11.9%,247,1934,12.8%,
0935,Borden-Henryville School Corporation,32,110,29.1%,49,139,35.3%,25,144,17.4%,47,148,31.8%,29,114,25.4%,18,128,14.1%,200,783,25.5%,
0945,Silver Creek School Corporation,91,247,36.8%,70,217,32.3%,70,215,32.6%,71,228,31.1%,71,274,25.9%,99,248,39.9%,472,1429,33.0%,
1000,Clarksville Community School Corp,27,271,10.0%,32,279,11.5%,21,304,6.9%,19,423,4.5%,33,450,7.3%,26,555,4.7%,158,2282,6.9%,
1010,Greater Clark County Schools,225,750,30.0%,251,780,32.2%,190,787,24.1%,192,708,27.1%,158,761,20.8%,158,789,20.0%,1174,4575,25.7%,
1125,Clay Community Schools,131,303,43.2%,127,303,41.9%,142,283,50.2%,98,287,34.1%,99,292,33.9%,82,303,27.1%,679,1771,38.3%,
1150,Clinton Central School Corporation,26,64,40.6%,26,62,41.9%,23,62,37.1%,25,62,40.3%,16,64,25.0%,7,55,12.7%,123,369,33.3%,
1160,Clinton Prairie School Corporation,34,100,34.0%,31,88,35.2%,29,92,31.5%,34,94,36.2%,29,76,38.2%,18,92,19.6%,175,542,32.3%,
1170,Community Schools of Frankfort,67,219,30.6%,58,215,27.0%,26,223,11.7%,33,202,16.3%,48,230,20.9%,38,210,18.1%,270,1299,20.8%,
1180,Rossville Con School District,35,86,40.7%,32,79,40.5%,23,80,28.8%,17,66,25.8%,30,59,50.8%,21,83,25.3%,158,453,34.9%,
1300,Crawford County Community Sch Corp,30,92,32.6%,33,90,36.7%,36,88,40.9%,32,96,33.3%,17,81,21.0%,38,93,40.9%,186,540,34.4%,
1315,Barr-Reeve Community Schools Inc,42,81,51.9%,48,100,48.0%,42,96,43.8%,26,68,38.2%,29,78,37.2%,45,73,61.6%,232,496,46.8%,
1375,North Daviess Com Schools,34,87,39.1%,17,84,20.2%,17,71,23.9%,34,78,43.6%,20,91,22.0%,14,88,15.9%,136,499,27.3%,
1405,Washington Community Schools,22,176,12.5%,34,168,20.2%,15,180,8.3%,34,165,20.6%,36,186,19.4%,29,202,14.4%,170,1077,15.8%,
1560,Sunman-Dearborn Com Sch Corp,128,276,46.4%,120,280,42.9%,95,225,42.2%,85,268,31.7%,103,289,35.6%,103,287,35.9%,634,1625,39.0%,
1600,South Dearborn Community Sch Corp,38,119,31.9%,36,133,27.1%,37,126,29.4%,40,144,27.8%,37,153,24.2%,29,142,20.4%,217,817,26.6%,
1620,Lawrenceburg Community School Corp,56,138,40.6%,43,127,33.9%,40,137,29.2%,25,152,16.4%,38,140,27.1%,33,159,20.8%,235,853,27.5%,
1655,Decatur County Community Schools,58,133,43.6%,70,152,46.1%,40,119,33.6%,53,130,40.8%,34,125,27.2%,38,131,29.0%,293,790,37.1%,
1730,Greensburg Community Schools,50,148,33.8%,48,162,29.6%,59,140,42.1%,38,139,27.3%,37,137,27.0%,36,145,24.8%,268,871,30.8%,
1805,DeKalb Co Eastern Com Sch Dist,21,97,21.6%,25,90,27.8%,16,89,18.0%,23,102,22.5%,27,91,29.7%,11,91,12.1%,123,560,22.0%,
1820,Garrett-Keyser-Butler Com Sch Corp,16,122,13.1%,28,103,27.2%,15,110,13.6%,20,128,15.6%,23,130,17.7%,21,131,16.0%,123,724,17.0%,
1835,DeKalb Co Ctl United Sch Dist,87,271,32.1%,81,275,29.5%,81,227,35.7%,64,260,24.6%,73,256,28.5%,82,241,34.0%,468,1530,30.6%,
1875,Delaware Community School Corp,86,175,49.1%,99,201,49.3%,77,181,42.5%,74,201,36.8%,50,191,26.2%,60,215,27.9%,446,1164,38.3%,
1885,Wes-Del Community Schools,15,68,22.1%,18,55,32.7%,16,69,23.2%,19,71,26.8%,12,59,20.3%,19,67,28.4%,99,389,25.4%,
1895,Liberty-Perry Community Sch Corp,34,84,40.5%,63,97,64.9%,45,98,45.9%,42,90,46.7%,48,87,55.2%,32,91,35.2%,264,547,48.3%,
1900,Cowan Community School Corp,18,59,30.5%,14,59,23.7%,21,72,29.2%,26,65,40.0%,17,58,29.3%,9,61,14.8%,105,374,28.1%,
1910,Yorktown Community Schools,88,210,41.9%,73,219,33.3%,82,221,37.1%,96,234,41.0%,79,214,36.9%,80,246,32.5%,498,1344,37.1%,
1940,Daleville Community Schools,21,80,26.3%,16,73,21.9%,16,80,20.0%,25,81,30.9%,20,82,24.4%,11,74,14.9%,109,470,23.2%,
1970,Muncie Community Schools,64,382,16.8%,89,377,23.6%,68,404,16.8%,43,346,12.4%,43,335,12.8%,23,342,6.7%,330,2186,15.1%,
2040,Northeast Dubois Co Sch Corp,14,50,28.0%,25,53,47.2%,25,68,36.8%,28,55,50.9%,36,64,56.3%,13,52,25.0%,141,342,41.2%,
2100,Southeast Dubois Co Sch Corp,40,92,43.5%,41,82,50.0%,53,102,52.0%,60,103,58.3%,48,86,55.8%,32,79,40.5%,274,544,50.4%,
2110,Southwest Dubois Co Sch Corp,54,168,32.1%,53,163,32.5%,48,138,34.8%,59,131,45.0%,33,126,26.2%,45,137,32.8%,292,863,33.8%,
2120,Greater Jasper Consolidated Schs,120,281,42.7%,127,229,55.5%,103,242,42.6%,97,246,39.4%,85,199,42.7%,91,246,37.0%,623,1443,43.2%,
2155,Fairfield Community Schools,92,172,53.5%,76,187,40.6%,77,184,41.8%,67,168,39.9%,61,177,34.5%,49,176,27.8%,422,1064,39.7%,
2260,Baugo Community Schools,73,126,57.9%,83,152,54.6%,59,126,46.8%,82,167,49.1%,56,135,41.5%,49,147,33.3%,402,853,47.1%,
2270,Concord Community Schools,110,369,29.8%,99,404,24.5%,72,338,21.3%,106,406,26.1%,70,428,16.4%,69,420,16.4%,526,2365,22.2%,
2275,Middlebury Community Schools,169,299,56.5%,93,278,33.5%,103,344,29.9%,124,304,40.8%,119,303,39.3%,161,318,50.6%,769,1846,41.7%,
2285,Wa-Nee Community Schools,118,222,53.2%,93,221,42.1%,121,217,55.8%,123,202,60.9%,110,221,49.8%,114,229,49.8%,679,1312,51.8%,
2305,Elkhart Community Schools,131,839,15.6%,119,823,14.5%,138,784,17.6%,115,806,14.3%,87,758,11.5%,102,741,13.8%,692,4751,14.6%,
2315,Goshen Community Schools,115,419,27.4%,119,429,27.7%,111,464,23.9%,100,466,21.5%,113,447,25.3%,113,477,23.7%,671,2702,24.8%,
2395,Fayette County School Corporation,38,211,18.0%,60,225,26.7%,57,199,28.6%,51,215,23.7%,40,214,18.7%,40,229,17.5%,286,1293,22.1%,
2400,New Albany-Floyd Co Con Sch,419,796,52.6%,421,882,47.7%,271,781,34.7%,284,836,34.0%,304,859,35.4%,231,864,26.7%,1930,5018,38.5%,
2435,Attica Consolidated School Corp,10,33,30.3%,6,37,16.2%,14,45,31.1%,6,36,16.7%,7,44,15.9%,3,35,8.6%,46,230,20.0%,
2440,Covington Community School Corp,15,62,24.2%,38,79,48.1%,23,52,44.2%,32,70,45.7%,14,53,26.4%,23,67,34.3%,145,383,37.9%,
2455,Southeast Fountain School Corp,27,84,32.1%,21,77,27.3%,21,84,25.0%,10,59,16.9%,16,91,17.6%,9,71,12.7%,104,466,22.3%,
2475,Franklin County Community Sch Corp,39,122,32.0%,41,127,32.3%,45,145,31.0%,36,151,23.8%,33,151,21.9%,25,122,20.5%,219,818,26.8%,
2645,Rochester Community School Corp,35,127,27.6%,29,123,23.6%,25,109,22.9%,19,104,18.3%,24,112,21.4%,10,100,10.0%,142,675,21.0%,
2650,Caston School Corporation,13,66,19.7%,23,65,35.4%,22,70,31.4%,16,53,30.2%,16,63,25.4%,15,75,20.0%,105,392,26.8%,
2725,East Gibson School Corporation,11,59,18.6%,13,41,31.7%,19,49,38.8%,24,59,40.7%,4,47,8.5%,8,60,13.3%,79,315,25.1%,
2735,North Gibson School Corporation,38,123,30.9%,34,143,23.8%,21,146,14.4%,21,134,15.7%,24,138,17.4%,25,129,19.4%,163,813,20.0%,
2765,South Gibson School Corporation,53,120,44.2%,59,130,45.4%,49,141,34.8%,64,187,34.2%,90,173,52.0%,83,155,53.5%,398,906,43.9%,
2815,Eastbrook Community Sch Corp,44,104,42.3%,34,113,30.1%,33,105,31.4%,47,121,38.8%,38,107,35.5%,44,129,34.1%,240,679,35.3%,
2825,Madison-Grant United School Corp,11,101,10.9%,22,120,18.3%,17,149,11.4%,17,150,11.3%,22,191,11.5%,15,234,6.4%,104,945,11.0%,
2855,Mississinewa Community School Corp,36,140,25.7%,62,190,32.6%,43,150,28.7%,39,157,24.8%,40,179,22.3%,34,160,21.3%,254,976,26.0%,
2865,Marion Community Schools,33,237,13.9%,43,236,18.2%,35,266,13.2%,33,215,15.3%,15,243,6.2%,19,231,8.2%,178,1428,12.5%,
2920,Bloomfield School District,14,68,20.6%,18,67,26.9%,19,79,24.1%,14,80,17.5%,8,63,12.7%,2,40,5.0%,75,397,18.9%,
2940,Eastern Greene Schools,13,78,16.7%,23,78,29.5%,15,88,17.0%,16,79,20.3%,24,87,27.6%,25,105,23.8%,116,515,22.5%,
2950,Linton-Stockton School Corporation,39,103,37.9%,53,95,55.8%,32,93,34.4%,32,108,29.6%,26,95,27.4%,22,102,21.6%,204,596,34.2%,
2960,MSD Shakamak Schools,17,43,39.5%,11,40,27.5%,11,52,21.2%,14,48,29.2%,5,42,11.9%,5,48,10.4%,63,273,23.1%,
2980,White River Valley School District,15,66,22.7%,17,48,35.4%,19,46,41.3%,13,37,35.1%,14,56,25.0%,14,47,29.8%,92,300,30.7%,
3005,Hamilton Southeastern Schools,882,1512,58.3%,899,1584,56.8%,824,1595,51.7%,821,1566,52.4%,809,1632,49.6%,756,1618,46.7%,4991,9507,52.5%,
3025,Hamilton Heights School Corp,45,162,27.8%,56,177,31.6%,74,181,40.9%,43,131,32.8%,72,203,35.5%,76,187,40.6%,366,1041,35.2%,
3030,Westfield-Washington Schools,478,788,60.7%,479,812,59.0%,317,701,45.2%,391,773,50.6%,370,727,50.9%,386,731,52.8%,2421,4532,53.4%,
3055,Sheridan Community Schools,34,91,37.4%,29,85,34.1%,21,76,27.6%,27,102,26.5%,28,90,31.1%,13,77,16.9%,152,521,29.2%,
3060,Carmel Clay Schools,747,1192,62.7%,806,1241,64.9%,730,1185,61.6%,747,1310,57.0%,787,1266,62.2%,762,1279,59.6%,4579,7473,61.3%,
3070,Noblesville Schools,389,783,49.7%,407,840,48.5%,342,806,42.4%,292,771,37.9%,373,790,47.2%,369,850,43.4%,2172,4840,44.9%,
3115,New Palestine Community Schools,146,281,52.0%,135,313,43.1%,123,262,46.9%,123,307,40.1%,134,295,45.4%,142,314,45.2%,803,1772,45.3%,
3125,Greenfield-Central Com Schools,123,308,39.9%,105,288,36.5%,97,304,31.9%,101,318,31.8%,84,336,25.0%,81,322,25.2%,591,1876,31.5%,
3135,Mt Vernon Community School Corp,133,331,40.2%,150,402,37.3%,128,357,35.9%,137,351,39.0%,91,383,23.8%,121,368,32.9%,760,2192,34.7%,
3145,Eastern Hancock Co Com Sch Corp,36,88,40.9%,35,87,40.2%,37,87,42.5%,26,101,25.7%,21,93,22.6%,39,94,41.5%,194,550,35.3%,
3160,Lanesville Community School Corp,30,70,42.9%,14,52,26.9%,17,56,30.4%,20,65,30.8%,15,39,38.5%,15,46,32.6%,111,328,33.8%,
3180,North Harrison Com School Corp,55,161,34.2%,57,150,38.0%,54,150,36.0%,50,161,31.1%,42,133,31.6%,61,142,43.0%,319,897,35.6%,
3190,South Harrison Com Schools,98,246,39.8%,85,219,38.8%,94,223,42.2%,83,208,39.9%,77,227,33.9%,80,212,37.7%,517,1335,38.7%,
3295,North West Hendricks Schools,93,140,66.4%,99,143,69.2%,82,133,61.7%,76,152,50.0%,45,134,33.6%,73,151,48.3%,468,853,54.9%,
3305,Brownsburg Community School Corp,485,706,68.7%,534,822,65.0%,478,789,60.6%,498,785,63.4%,510,831,61.4%,453,794,57.1%,2958,4727,62.6%,
3315,Avon Community School Corp,352,763,46.1%,415,806,51.5%,278,741,37.5%,311,820,37.9%,373,875,42.6%,455,829,54.9%,2184,4834,45.2%,
3325,Danville Community School Corp,88,216,40.7%,92,197,46.7%,77,214,36.0%,68,187,36.4%,92,225,40.9%,77,201,38.3%,494,1240,39.8%,
3330,Plainfield Community School Corp,178,406,43.8%,193,395,48.9%,181,438,41.3%,281,461,61.0%,230,443,51.9%,179,456,39.3%,1242,2599,47.8%,
3335,Mill Creek Community Sch Corp,39,103,37.9%,42,100,42.0%,49,98,50.0%,36,117,30.8%,44,109,40.4%,32,112,28.6%,242,639,37.9%,
3405,Blue River Valley Schools,8,39,20.5%,19,41,46.3%,5,33,15.2%,4,35,11.4%,5,41,12.2%,6,44,13.6%,47,233,20.2%,
3415,South Henry School Corp,12,49,24.5%,17,57,29.8%,13,61,21.3%,16,74,21.6%,6,60,10.0%,5,60,8.3%,69,361,19.1%,
3435,Shenandoah School Corporation,34,90,37.8%,48,94,51.1%,40,104,38.5%,40,102,39.2%,23,93,24.7%,38,101,37.6%,223,584,38.2%,
3445,New Castle Community School Corp,61,211,28.9%,51,205,24.9%,60,203,29.6%,35,190,18.4%,38,203,18.7%,35,215,16.3%,280,1227,22.8%,
3455,C A Beard Memorial School Corp,27,85,31.8%,32,87,36.8%,19,71,26.8%,18,65,27.7%,14,67,20.9%,14,80,17.5%,124,455,27.3%,
3460,Taylor Community School Corp,13,71,18.3%,12,79,15.2%,10,91,11.0%,7,88,8.0%,10,93,10.8%,7,81,8.6%,59,503,11.7%,
3470,Northwestern School Corp,32,124,25.8%,55,135,40.7%,53,130,40.8%,65,162,40.1%,49,160,30.6%,49,130,37.7%,303,841,36.0%,
3480,Eastern Howard School Corporation,41,118,34.7%,41,116,35.3%,31,123,25.2%,49,122,40.2%,40,126,31.7%,28,122,23.0%,230,727,31.6%,
3490,Western School Corporation,64,187,34.2%,72,192,37.5%,67,193,34.7%,73,195,37.4%,73,182,40.1%,72,192,37.5%,421,1141,36.9%,
3500,Kokomo School Corporation,68,378,18.0%,77,335,23.0%,71,361,19.7%,37,339,10.9%,43,324,13.3%,51,329,15.5%,347,2066,16.8%,
3625,Huntington Co Com Sch Corp,114,362,31.5%,122,375,32.5%,100,351,28.5%,94,381,24.7%,74,360,20.6%,85,353,24.1%,589,2182,27.0%,
3640,Medora Community School Corp,***,7,***,4,14,28.6%,4,13,30.8%,***,8,***,***,8,***,0,11,0.0%,13,61,21.3%,
3675,Seymour Community Schools,81,414,19.6%,98,438,22.4%,76,433,17.6%,89,385,23.1%,76,396,19.2%,66,375,17.6%,486,2441,19.9%,
3695,Brownstown Cnt Com Sch Corp,28,87,32.2%,19,104,18.3%,25,100,25.0%,22,98,22.4%,21,95,22.1%,16,102,15.7%,131,586,22.4%,
3710,Crothersville Community Schools,6,41,14.6%,3,28,10.7%,6,43,14.0%,5,27,18.5%,3,34,8.8%,1,28,3.6%,24,201,11.9%,
3785,Kankakee Valley School Corp,114,234,48.7%,111,234,47.4%,83,228,36.4%,62,239,25.9%,58,250,23.2%,61,234,26.1%,489,1419,34.5%,
3815,Rensselaer Central School Corp,41,106,38.7%,44,96,45.8%,58,109,53.2%,45,118,38.1%,49,115,42.6%,22,85,25.9%,259,629,41.2%,
3945,Jay School Corporation,102,246,41.5%,78,211,37.0%,69,228,30.3%,61,205,29.8%,57,240,23.8%,66,204,32.4%,433,1334,32.5%,
3995,Madison Consolidated Schools,47,167,28.1%,58,189,30.7%,47,153,30.7%,59,171,34.5%,41,167,24.6%,75,189,39.7%,327,1036,31.6%,
4000,Southwestern-Jefferson Co Con,41,91,45.1%,25,74,33.8%,23,80,28.8%,17,115,14.8%,14,88,15.9%,3,87,3.4%,123,535,23.0%,
4015,Jennings County School Corporation,74,252,29.4%,78,317,24.6%,64,279,22.9%,81,278,29.1%,71,296,24.0%,62,313,19.8%,430,1735,24.8%,
4145,Clark-Pleasant Community Sch Corp,201,515,39.0%,190,519,36.6%,208,547,38.0%,203,536,37.9%,188,551,34.1%,191,532,35.9%,1181,3200,36.9%,
4205,Center Grove Community School Corp,354,698,50.7%,416,755,55.1%,356,722,49.3%,404,769,52.5%,355,808,43.9%,346,740,46.8%,2231,4492,49.7%,
4215,Edinburgh Community School Corp,18,60,30.0%,12,59,20.3%,4,66,6.1%,14,57,24.6%,6,50,12.0%,12,67,17.9%,66,359,18.4%,
4225,Franklin Community School Corp,117,365,32.1%,125,356,35.1%,98,360,27.2%,120,357,33.6%,111,366,30.3%,102,355,28.7%,673,2159,31.2%,
4245,Greenwood Community Sch Corp,106,277,38.3%,120,337,35.6%,94,311,30.2%,103,329,31.3%,94,313,30.0%,131,308,42.5%,648,1875,34.6%,
4255,Nineveh-Hensley-Jackson United,51,152,33.6%,62,159,39.0%,60,149,40.3%,43,162,26.5%,44,151,29.1%,35,168,20.8%,295,941,31.3%,
4315,North Knox School Corp,25,88,28.4%,27,96,28.1%,23,94,24.5%,24,97,24.7%,33,121,27.3%,11,79,13.9%,143,575,24.9%,
4325,South Knox School Corp,34,97,35.1%,39,106,36.8%,26,87,29.9%,22,93,23.7%,23,98,23.5%,26,89,29.2%,170,570,29.8%,
4335,Vincennes Community School Corp,54,197,27.4%,55,211,26.1%,57,209,27.3%,39,202,19.3%,40,215,18.6%,28,188,14.9%,273,1222,22.3%,
4345,Wawasee Community School Corp,72,186,38.7%,74,193,38.3%,52,195,26.7%,42,209,20.1%,41,196,20.9%,46,198,23.2%,327,1177,27.8%,
4415,Warsaw Community Schools,189,545,34.7%,172,515,33.4%,180,547,32.9%,189,479,39.5%,188,496,37.9%,151,499,30.3%,1069,3081,34.7%,
4445,Tippecanoe Valley School Corp,41,129,31.8%,49,123,39.8%,41,135,30.4%,22,144,15.3%,28,141,19.9%,40,143,28.0%,221,815,27.1%,
4455,Whitko Community School Corp,24,97,24.7%,17,88,19.3%,12,88,13.6%,15,90,16.7%,11,84,13.1%,12,76,15.8%,91,523,17.4%,
4515,Prairie Heights Community Sch Corp,50,126,39.7%,28,92,30.4%,26,100,26.0%,8,81,9.9%,22,93,23.7%,23,107,21.5%,157,599,26.2%,
4525,Westview School Corporation,84,166,50.6%,106,185,57.3%,79,172,45.9%,76,152,50.0%,68,171,39.8%,68,162,42.0%,481,1008,47.7%,
4535,Lakeland School Corporation,24,92,26.1%,27,115,23.5%,24,109,22.0%,18,114,15.8%,20,103,19.4%,20,108,18.5%,133,641,20.7%,
4570,NW Indiana Special Education Coop,***,2,***,***,5,***,***,1,***,***,1,***,***,6,***,***,2,***,0,17,0.0%,
4580,Hanover Community School Corp,102,213,47.9%,90,211,42.7%,88,208,42.3%,92,222,41.4%,77,210,36.7%,55,228,24.1%,504,1292,39.0%,
4590,River Forest Community Sch Corp,13,123,10.6%,15,105,14.3%,27,104,26.0%,7,111,6.3%,9,119,7.6%,7,122,5.7%,78,684,11.4%,
4600,Merrillville Community School Corp,76,394,19.3%,120,433,27.7%,67,351,19.1%,86,407,21.1%,41,424,9.7%,58,453,12.8%,448,2462,18.2%,
4615,Lake Central School Corporation,296,595,49.7%,352,716,49.2%,281,679,41.4%,228,609,37.4%,217,715,30.3%,235,726,32.4%,1609,4040,39.8%,
4645,Tri-Creek School Corporation,121,250,48.4%,125,247,50.6%,126,223,56.5%,78,232,33.6%,94,252,37.3%,61,233,26.2%,605,1437,42.1%,
4650,Lake Ridge New Tech Schools,7,79,8.9%,4,95,4.2%,6,94,6.4%,3,104,2.9%,3,106,2.8%,2,117,1.7%,25,595,4.2%,
4660,Crown Point Community School Corp,313,656,47.7%,271,622,43.6%,277,676,41.0%,261,697,37.4%,255,672,37.9%,287,729,39.4%,1664,4052,41.1%,
4670,School City of East Chicago,22,223,9.9%,15,210,7.1%,20,230,8.7%,20,215,9.3%,3,219,1.4%,8,217,3.7%,88,1314,6.7%,
4680,Lake Station Community Schools,13,82,15.9%,7,73,9.6%,14,93,15.1%,4,61,6.6%,4,69,5.8%,0,65,0.0%,42,443,9.5%,
4690,Gary Community School Corp,25,371,6.7%,10,405,2.5%,7,334,2.1%,7,253,2.8%,3,208,1.4%,2,231,0.9%,54,1802,3.0%,
4700,Griffith Public Schools,41,155,26.5%,31,131,23.7%,51,140,36.4%,27,145,18.6%,22,130,16.9%,38,144,26.4%,210,845,24.9%,
4710,School City of Hammond,91,808,11.3%,75,817,9.2%,90,820,11.0%,55,737,7.5%,27,703,3.8%,14,712,2.0%,352,4597,7.7%,
4720,School Town of Highland,87,224,38.8%,80,238,33.6%,81,237,34.2%,107,247,43.3%,74,259,28.6%,51,225,22.7%,480,1430,33.6%,
4730,School City of Hobart,89,289,30.8%,112,319,35.1%,96,292,32.9%,104,306,34.0%,74,285,26.0%,64,298,21.5%,539,1789,30.1%,
4740,School Town of Munster,159,272,58.5%,178,272,65.4%,190,334,56.9%,166,314,52.9%,166,317,52.4%,158,310,51.0%,1017,1819,55.9%,
4760,School City of Whiting,26,67,38.8%,15,63,23.8%,18,74,24.3%,33,75,44.0%,5,77,6.5%,9,98,9.2%,106,454,23.3%,
4805,New Prairie United School Corp,109,206,52.9%,104,203,51.2%,100,210,47.6%,77,202,38.1%,96,226,42.5%,80,226,35.4%,566,1273,44.5%,
4860,MSD of New Durham Township,20,84,23.8%,24,76,31.6%,17,65,26.2%,19,77,24.7%,19,66,28.8%,23,66,34.8%,122,434,28.1%,
4915,Tri-Township Cons School Corp,4,27,14.8%,13,22,59.1%,4,20,20.0%,3,14,21.4%,3,19,15.8%,7,27,25.9%,34,129,26.4%,
4925,Michigan City Area Schools,81,367,22.1%,80,397,20.2%,79,389,20.3%,74,348,21.3%,56,326,17.2%,28,324,8.6%,398,2151,18.5%,
4940,South Central Com School Corp,27,80,33.8%,33,63,52.4%,32,78,41.0%,23,67,34.3%,25,79,31.6%,10,67,14.9%,150,434,34.6%,
4945,La Porte Community School Corp,157,412,38.1%,164,434,37.8%,127,401,31.7%,130,443,29.3%,132,420,31.4%,124,438,28.3%,834,2548,32.7%,
5075,North Lawrence Com Schools,57,244,23.4%,73,238,30.7%,63,216,29.2%,72,253,28.5%,44,245,18.0%,56,259,21.6%,365,1455,25.1%,
5085,Mitchell Community Schools,27,95,28.4%,34,100,34.0%,17,125,13.6%,8,115,7.0%,14,92,15.2%,10,114,8.8%,110,641,17.2%,
5245,Frankton-Lapel Community Schools,59,198,29.8%,75,212,35.4%,61,212,28.8%,53,222,23.9%,47,244,19.3%,57,228,25.0%,352,1316,26.7%,
5255,South Madison Com Sch Corp,119,327,36.4%,148,374,39.6%,125,310,40.3%,151,349,43.3%,129,346,37.3%,110,346,31.8%,782,2052,38.1%,
5265,Alexandria Community School Corp,27,97,27.8%,28,100,28.0%,26,100,26.0%,32,86,37.2%,21,100,21.0%,25,109,22.9%,159,592,26.9%,
5275,Anderson Community School Corp,58,444,13.1%,66,436,15.1%,41,466,8.8%,39,433,9.0%,37,432,8.6%,53,430,12.3%,294,2641,11.1%,
5280,Elwood Community School Corp,22,102,21.6%,14,112,12.5%,8,88,9.1%,18,114,15.8%,6,100,6.0%,12,125,9.6%,80,641,12.5%,
5300,MSD Decatur Township,86,508,16.9%,85,503,16.9%,72,469,15.4%,101,511,19.8%,61,476,12.8%,33,470,7.0%,438,2937,14.9%,
5310,Franklin Township Com Sch Corp,376,905,41.5%,326,853,38.2%,291,864,33.7%,293,908,32.3%,244,806,30.3%,237,807,29.4%,1767,5143,34.4%,
5330,MSD Lawrence Township,228,1206,18.9%,259,1208,21.4%,229,1117,20.5%,234,1224,19.1%,149,1140,13.1%,114,1208,9.4%,1213,7103,17.1%,
5340,Perry Township Schools,323,1185,27.3%,395,1278,30.9%,392,1236,31.7%,350,1287,27.2%,311,1228,25.3%,366,1209,30.3%,2137,7423,28.8%,
5350,MSD Pike Township,163,746,21.8%,136,829,16.4%,95,682,13.9%,82,785,10.4%,52,761,6.8%,66,799,8.3%,594,4602,12.9%,
5360,MSD Warren Township,124,808,15.3%,129,850,15.2%,77,769,10.0%,64,806,7.9%,50,810,6.2%,40,847,4.7%,484,4890,9.9%,
5370,MSD Washington Township,242,757,32.0%,232,781,29.7%,204,737,27.7%,202,813,24.8%,187,793,23.6%,148,794,18.6%,1215,4675,26.0%,
5375,MSD Wayne Township,166,1132,14.7%,213,1224,17.4%,137,1110,12.3%,124,1128,11.0%,99,1128,8.8%,124,1144,10.8%,863,6866,12.6%,
5380,Beech Grove City Schools,34,188,18.1%,36,182,19.8%,20,175,11.4%,21,211,10.0%,32,211,15.2%,50,223,22.4%,193,1190,16.2%,
5385,Indianapolis Public Schools,297,1833,16.2%,285,1866,15.3%,208,1688,12.3%,196,1655,11.8%,177,1353,13.1%,173,1526,11.3%,1336,9921,13.5%,
5390,Southside Sp Srvs Of Marion Co,***,7,***,***,4,***,1,10,10.0%,0,15,0.0%,0,20,0.0%,0,16,0.0%,1,72,1.4%,
5400,School Town of Speedway,64,113,56.6%,71,124,57.3%,57,108,52.8%,44,118,37.3%,59,141,41.8%,53,148,35.8%,348,752,46.3%,
5455,Culver Community Schools Corp,25,58,43.1%,23,49,46.9%,16,59,27.1%,10,61,16.4%,6,41,14.6%,18,61,29.5%,98,329,29.8%,
5470,Argos Community Schools,9,55,16.4%,18,45,40.0%,12,50,24.0%,16,57,28.1%,10,44,22.7%,11,35,31.4%,76,286,26.6%,
5480,Bremen Public Schools,31,98,31.6%,42,106,39.6%,42,106,39.6%,40,132,30.3%,33,102,32.4%,38,127,29.9%,226,671,33.7%,
5485,Plymouth Community School Corp,76,230,33.0%,88,233,37.8%,52,211,24.6%,82,229,35.8%,61,244,25.0%,53,254,20.9%,412,1401,29.4%,
5495,Triton School Corporation,15,76,19.7%,22,68,32.4%,17,73,23.3%,30,66,45.5%,22,79,27.8%,20,79,25.3%,126,441,28.6%,
5520,Shoals Community School Corp,4,34,11.8%,18,51,35.3%,11,58,19.0%,5,37,13.5%,5,35,14.3%,6,52,11.5%,49,267,18.4%,
5525,Loogootee Community Sch Corp,30,63,47.6%,20,45,44.4%,26,70,37.1%,23,57,40.4%,13,46,28.3%,18,53,34.0%,130,334,38.9%,
5615,Maconaquah School Corp,25,144,17.4%,17,141,12.1%,28,138,20.3%,16,128,12.5%,16,121,13.2%,20,121,16.5%,122,793,15.4%,
5620,North Miami Community Schools,24,48,50.0%,20,63,31.7%,15,54,27.8%,5,50,10.0%,9,60,15.0%,6,66,9.1%,79,341,23.2%,
5625,Oak Hill United School Corp,31,111,27.9%,48,137,35.0%,30,111,27.0%,44,123,35.8%,33,105,31.4%,43,119,36.1%,229,706,32.4%,
5635,Peru Community Schools,45,125,36.0%,49,156,31.4%,42,136,30.9%,35,138,25.4%,29,123,23.6%,24,118,20.3%,224,796,28.1%,
5705,Richland-Bean Blossom C S C,92,214,43.0%,78,186,41.9%,55,191,28.8%,77,205,37.6%,57,213,26.8%,53,210,25.2%,412,1219,33.8%,
5740,Monroe County Community Sch Corp,325,725,44.8%,294,735,40.0%,272,759,35.8%,302,767,39.4%,311,749,41.5%,311,754,41.2%,1815,4489,40.4%,
5835,North Montgomery Com Sch Corp,54,139,38.8%,61,144,42.4%,58,123,47.2%,47,142,33.1%,32,131,24.4%,37,146,25.3%,289,825,35.0%,
5845,South Montgomery Com Sch Corp,50,128,39.1%,49,109,45.0%,54,129,41.9%,72,121,59.5%,65,133,48.9%,59,127,46.5%,349,747,46.7%,
5855,Crawfordsville Community Schools,59,173,34.1%,53,182,29.1%,43,177,24.3%,42,201,20.9%,48,196,24.5%,36,170,21.2%,281,1099,25.6%,
5900,Monroe-Gregg School District,32,121,26.4%,27,118,22.9%,25,112,22.3%,19,105,18.1%,19,118,16.1%,23,109,21.1%,145,683,21.2%,
5910,Eminence Community School Corp,1,15,6.7%,9,23,39.1%,4,16,25.0%,4,21,19.0%,0,18,0.0%,1,24,4.2%,19,117,16.2%,
5925,MSD Martinsville Schools,92,296,31.1%,104,286,36.4%,37,247,15.0%,74,265,27.9%,64,284,22.5%,95,293,32.4%,466,1671,27.9%,
5930,Mooresville Con School Corp,106,301,35.2%,125,316,39.6%,94,297,31.6%,117,314,37.3%,79,337,23.4%,89,314,28.3%,610,1879,32.5%,
5945,North Newton School Corp,23,79,29.1%,14,63,22.2%,16,82,19.5%,28,77,36.4%,17,75,22.7%,18,89,20.2%,116,465,24.9%,
5995,South Newton School Corp,15,76,19.7%,15,60,25.0%,26,65,40.0%,10,51,19.6%,14,72,19.4%,7,55,12.7%,87,379,23.0%,
6055,Central Noble Com School Corp,16,84,19.0%,19,80,23.8%,20,77,26.0%,17,73,23.3%,24,81,29.6%,21,82,25.6%,117,477,24.5%,
6060,East Noble School Corporation,73,266,27.4%,64,226,28.3%,59,235,25.1%,70,248,28.2%,40,254,15.7%,38,248,15.3%,344,1477,23.3%,
6065,West Noble School Corporation,22,167,13.2%,36,164,22.0%,34,146,23.3%,32,163,19.6%,26,153,17.0%,54,182,29.7%,204,975,20.9%,
6080,Rising Sun-Ohio Co Com,14,53,26.4%,16,66,24.2%,21,61,34.4%,5,55,9.1%,4,70,5.7%,9,64,14.1%,69,369,18.7%,
6145,Orleans Community Schools,12,66,18.2%,14,62,22.6%,13,54,24.1%,11,68,16.2%,12,81,14.8%,5,54,9.3%,67,385,17.4%,
6155,Paoli Community School Corp,30,105,28.6%,33,78,42.3%,22,84,26.2%,17,80,21.3%,18,88,20.5%,17,75,22.7%,137,510,26.9%,
6160,Springs Valley Com School Corp,17,49,34.7%,23,62,37.1%,22,73,30.1%,9,56,16.1%,8,54,14.8%,8,69,11.6%,87,363,24.0%,
6195,Spencer-Owen Community Schools,47,163,28.8%,51,150,34.0%,44,157,28.0%,38,158,24.1%,34,166,20.5%,39,156,25.0%,253,950,26.6%,
6260,Southwest Parke Com Sch Corp,29,68,42.6%,17,66,25.8%,13,65,20.0%,21,76,27.6%,16,67,23.9%,18,89,20.2%,114,431,26.5%,
6325,Perry Central Com Schools Corp,42,95,44.2%,44,84,52.4%,28,74,37.8%,37,85,43.5%,23,90,25.6%,21,77,27.3%,195,505,38.6%,
6340,Cannelton City Schools,1,11,9.1%,0,12,0.0%,2,16,12.5%,***,9,***,0,12,0.0%,0,16,0.0%,5,76,6.6%,
6350,Tell City-Troy Twp School Corp,42,95,44.2%,37,98,37.8%,29,100,29.0%,28,93,30.1%,25,103,24.3%,32,101,31.7%,193,590,32.7%,
6375,North Central Parke Comm Schl Corp,30,93,32.3%,24,89,27.0%,22,92,23.9%,26,77,33.8%,15,76,19.7%,21,88,23.9%,138,515,26.8%,
6445,Pike County School Corp,21,101,20.8%,31,109,28.4%,21,129,16.3%,24,116,20.7%,18,116,15.5%,28,125,22.4%,143,696,20.5%,
6455,Porter County Education Services,***,1,***,***,4,***,***,4,***,***,5,***,***,3,***,***,3,***,2,20,10.0%,
6460,MSD Boone Township,32,66,48.5%,27,75,36.0%,25,73,34.2%,30,70,42.9%,18,65,27.7%,19,69,27.5%,151,418,36.1%,
6470,Duneland School Corporation,212,401,52.9%,246,426,57.7%,226,412,54.9%,237,424,55.9%,225,427,52.7%,230,436,52.8%,1376,2526,54.5%,
6510,East Porter County School Corp,89,195,45.6%,72,190,37.9%,57,175,32.6%,86,193,44.6%,84,179,46.9%,63,197,32.0%,451,1129,39.9%,
6520,Porter Township School Corp,41,89,46.1%,43,96,44.8%,40,94,42.6%,26,89,29.2%,29,92,31.5%,26,109,23.9%,205,569,36.0%,
6530,Union Township School Corp,65,108,60.2%,71,112,63.4%,63,118,53.4%,48,110,43.6%,59,102,57.8%,53,100,53.0%,359,650,55.2%,
6550,Portage Township Schools,126,494,25.5%,113,462,24.5%,85,483,17.6%,77,492,15.7%,96,480,20.0%,101,515,19.6%,598,2926,20.4%,
6560,Valparaiso Community Schools,289,471,61.4%,316,478,66.1%,242,472,51.3%,203,457,44.4%,229,497,46.1%,182,472,38.6%,1461,2847,51.3%,
6590,MSD Mount Vernon,69,152,45.4%,72,133,54.1%,93,163,57.1%,41,156,26.3%,43,162,26.5%,68,172,39.5%,386,938,41.2%,
6600,MSD North Posey Co Schools,53,99,53.5%,67,112,59.8%,67,109,61.5%,58,137,42.3%,56,98,57.1%,37,121,30.6%,338,676,50.0%,
6620,Eastern Pulaski Community Sch Corp,25,67,37.3%,26,85,30.6%,31,82,37.8%,42,88,47.7%,27,71,38.0%,27,88,30.7%,178,481,37.0%,
6630,West Central School Corp,11,53,20.8%,14,53,26.4%,9,61,14.8%,4,32,12.5%,9,50,18.0%,16,44,36.4%,63,293,21.5%,
6705,South Putnam Community Schools,26,67,38.8%,30,78,38.5%,28,87,32.2%,31,91,34.1%,22,96,22.9%,29,82,35.4%,166,501,33.1%,
6715,North Putnam Community Schools,39,87,44.8%,33,107,30.8%,27,100,27.0%,29,89,32.6%,26,99,26.3%,28,98,28.6%,182,580,31.4%,
6750,Cloverdale Community Schools,82,257,31.9%,62,262,23.7%,54,223,24.2%,46,196,23.5%,38,183,20.8%,27,135,20.0%,309,1256,24.6%,
6755,Greencastle Community School Corp,36,143,25.2%,36,128,28.1%,28,122,23.0%,46,136,33.8%,30,122,24.6%,27,129,20.9%,203,780,26.0%,
6795,Union School Corporation,16,301,5.3%,29,358,8.1%,20,438,4.6%,9,507,1.8%,18,715,2.5%,29,988,2.9%,121,3307,3.7%,
6805,Randolph Southern School Corp,13,42,31.0%,9,31,29.0%,15,27,55.6%,13,37,35.1%,9,31,29.0%,8,34,23.5%,67,202,33.2%,
6820,Monroe Central School Corp,33,99,33.3%,20,80,25.0%,26,80,32.5%,33,82,40.2%,26,85,30.6%,17,76,22.4%,155,502,30.9%,
6825,Randolph Central School Corp,35,118,29.7%,28,83,33.7%,39,110,35.5%,23,107,21.5%,19,96,19.8%,11,86,12.8%,155,600,25.8%,
6835,Randolph Eastern School Corp,7,60,11.7%,6,71,8.5%,7,63,11.1%,12,83,14.5%,4,70,5.7%,3,53,5.7%,39,400,9.8%,
6865,South Ripley Com Sch Corp,30,62,48.4%,39,82,47.6%,21,71,29.6%,35,73,47.9%,37,78,47.4%,41,83,49.4%,203,449,45.2%,
6895,Batesville Community School Corp,73,158,46.2%,69,148,46.6%,57,171,33.3%,57,169,33.7%,48,159,30.2%,66,166,39.8%,370,971,38.1%,
6900,Jac-Cen-Del Community Sch Corp,25,52,48.1%,12,57,21.1%,14,50,28.0%,13,47,27.7%,11,51,21.6%,12,59,20.3%,87,316,27.5%,
6910,Milan Community Schools,11,76,14.5%,12,73,16.4%,22,89,24.7%,14,67,20.9%,16,87,18.4%,9,82,11.0%,84,474,17.7%,
6995,Rush County Schools,27,133,20.3%,22,115,19.1%,38,134,28.4%,32,140,22.9%,34,139,24.5%,34,131,26.0%,187,792,23.6%,
7150,John Glenn School Corporation,54,158,34.2%,59,141,41.8%,56,136,41.2%,50,140,35.7%,51,151,33.8%,43,145,29.7%,313,871,35.9%,
7175,Penn-Harris-Madison School Corp,444,823,53.9%,486,806,60.3%,486,862,56.4%,396,860,46.0%,394,865,45.5%,380,769,49.4%,2586,4985,51.9%,
7200,School City of Mishawaka,89,392,22.7%,77,369,20.9%,89,396,22.5%,72,373,19.3%,55,342,16.1%,54,344,15.7%,436,2216,19.7%,
7205,South Bend Community School Corp,143,965,14.8%,128,966,13.3%,116,982,11.8%,107,909,11.8%,101,912,11.1%,110,965,11.4%,705,5699,12.4%,
7215,Union-North United School Corp,21,97,21.6%,29,97,29.9%,17,78,21.8%,18,78,23.1%,17,100,17.0%,9,79,11.4%,111,529,21.0%,
7230,Scott County School District 1,21,92,22.8%,25,85,29.4%,14,75,18.7%,6,83,7.2%,6,78,7.7%,6,88,6.8%,78,501,15.6%,
7255,Scott County School District 2,76,220,34.5%,75,209,35.9%,66,175,37.7%,53,189,28.0%,50,187,26.7%,46,162,28.4%,366,1142,32.0%,
7285,Shelby Eastern Schools,22,95,23.2%,31,92,33.7%,40,107,37.4%,37,96,38.5%,21,90,23.3%,15,91,16.5%,166,571,29.1%,
7350,Northwestern Con School Corp,33,95,34.7%,31,85,36.5%,33,95,34.7%,41,108,38.0%,40,111,36.0%,20,110,18.2%,198,604,32.8%,
7360,Southwestern Con Sch Shelby Co,13,43,30.2%,13,41,31.7%,12,45,26.7%,18,43,41.9%,2,40,5.0%,6,56,10.7%,64,268,23.9%,
7365,Shelbyville Central Schools,86,264,32.6%,71,259,27.4%,76,273,27.8%,64,294,21.8%,65,284,22.9%,63,266,23.7%,425,1640,25.9%,
7385,North Spencer County Sch Corp,77,158,48.7%,84,144,58.3%,73,136,53.7%,90,163,55.2%,98,171,57.3%,64,136,47.1%,486,908,53.5%,
7445,South Spencer County Sch Corp,33,85,38.8%,30,73,41.1%,25,80,31.3%,30,62,48.4%,22,69,31.9%,23,74,31.1%,163,443,36.8%,
7495,Oregon-Davis School Corp,8,29,27.6%,11,39,28.2%,5,36,13.9%,11,37,29.7%,6,38,15.8%,2,44,4.5%,43,223,19.3%,
7515,North Judson-San Pierre Sch Corp,19,58,32.8%,18,51,35.3%,13,77,16.9%,16,71,22.5%,23,69,33.3%,11,68,16.2%,100,394,25.4%,
7525,Knox Community School Corp,32,130,24.6%,40,122,32.8%,19,123,15.4%,18,116,15.5%,17,99,17.2%,13,118,11.0%,139,708,19.6%,
7605,Fremont Community Schools,28,74,37.8%,22,76,28.9%,15,63,23.8%,22,76,28.9%,27,71,38.0%,21,85,24.7%,135,445,30.3%,
7610,Hamilton Community Schools,12,28,42.9%,5,26,19.2%,10,31,32.3%,4,19,21.1%,5,21,23.8%,5,20,25.0%,41,145,28.3%,
7615,MSD Steuben County,37,184,20.1%,59,186,31.7%,51,178,28.7%,56,170,32.9%,48,186,25.8%,55,160,34.4%,306,1064,28.8%,
7645,Northeast School Corp,15,49,30.6%,12,49,24.5%,12,64,18.8%,13,56,23.2%,12,63,19.0%,1,59,1.7%,65,340,19.1%,
7715,Southwest School Corporation,32,135,23.7%,37,138,26.8%,34,145,23.4%,55,157,35.0%,36,128,28.1%,41,150,27.3%,235,853,27.5%,
7775,Switzerland County School Corp,30,115,26.1%,27,107,25.2%,37,110,33.6%,17,110,15.5%,29,101,28.7%,21,104,20.2%,161,647,24.9%,
7855,Lafayette School Corporation,173,573,30.2%,153,584,26.2%,90,499,18.0%,85,490,17.3%,99,487,20.3%,66,494,13.4%,666,3127,21.3%,
7865,Tippecanoe School Corp,391,1060,36.9%,462,1016,45.5%,407,1036,39.3%,344,1082,31.8%,321,1001,32.1%,381,1048,36.4%,2306,6243,36.9%,
7875,West Lafayette Com School Corp,118,175,67.4%,84,161,52.2%,115,193,59.6%,104,185,56.2%,93,169,55.0%,93,185,50.3%,607,1068,56.8%,
7935,Tri-Central Community Schools,14,62,22.6%,12,55,21.8%,27,64,42.2%,3,57,5.3%,6,53,11.3%,9,54,16.7%,71,345,20.6%,
7945,Tipton Community School Corp,41,91,45.1%,41,111,36.9%,31,101,30.7%,34,112,30.4%,22,90,24.4%,31,102,30.4%,200,607,32.9%,
7950,Union Co/Clg Corner Joint Sch Dist,49,110,44.5%,39,107,36.4%,34,98,34.7%,17,87,19.5%,24,98,24.5%,15,77,19.5%,178,577,30.8%,
7995,Evansville Vanderburgh School Corp,397,1569,25.3%,465,1562,29.8%,397,1552,25.6%,482,1655,29.1%,428,1546,27.7%,480,1621,29.6%,2649,9505,27.9%,
8010,North Vermillion Com Sch Corp,16,40,40.0%,9,47,19.1%,9,59,15.3%,12,57,21.1%,8,67,11.9%,2,62,3.2%,56,332,16.9%,
8020,South Vermillion Com Sch Corp,32,120,26.7%,34,127,26.8%,30,134,22.4%,20,118,16.9%,18,114,15.8%,11,108,10.2%,145,721,20.1%,
8030,Vigo County School Corp,275,970,28.4%,278,1009,27.6%,212,980,21.6%,181,956,18.9%,195,896,21.8%,185,918,20.2%,1326,5729,23.1%,
8045,Manchester Community Schools,41,81,50.6%,48,100,48.0%,35,101,34.7%,35,97,36.1%,27,103,26.2%,16,79,20.3%,202,561,36.0%,
8050,MSD Wabash County Schools,35,123,28.5%,48,143,33.6%,38,113,33.6%,42,123,34.1%,27,135,20.0%,37,152,24.3%,227,789,28.8%,
8060,Wabash City Schools,13,85,15.3%,11,100,11.0%,18,97,18.6%,18,109,16.5%,27,118,22.9%,11,100,11.0%,98,609,16.1%,
8115,MSD Warren County,37,118,31.4%,39,101,38.6%,23,96,24.0%,38,130,29.2%,19,107,17.8%,17,104,16.3%,173,656,26.4%,
8130,Warrick County School Corp,342,711,48.1%,445,721,61.7%,395,754,52.4%,340,765,44.4%,334,734,45.5%,375,778,48.2%,2231,4463,50.0%,
8205,Salem Community Schools,33,120,27.5%,40,135,29.6%,39,126,31.0%,27,123,22.0%,13,108,12.0%,18,141,12.8%,170,753,22.6%,
8215,East Washington School Corp,32,101,31.7%,53,105,50.5%,18,96,18.8%,26,92,28.3%,33,119,27.7%,38,111,34.2%,200,624,32.1%,
8220,West Washington School Corp,39,63,61.9%,41,75,54.7%,36,59,61.0%,37,62,59.7%,26,69,37.7%,15,61,24.6%,194,389,49.9%,
8305,Nettle Creek School Corporation,27,80,33.8%,28,83,33.7%,24,86,27.9%,30,94,31.9%,24,74,32.4%,17,109,15.6%,150,526,28.5%,
8355,Western Wayne Schools,11,50,22.0%,16,52,30.8%,14,42,33.3%,15,44,34.1%,8,54,14.8%,9,44,20.5%,73,286,25.5%,
8360,Centerville-Abington Com Schs,29,132,22.0%,35,133,26.3%,40,141,28.4%,69,141,48.9%,42,135,31.1%,33,144,22.9%,248,826,30.0%,
8375,Northeastern Wayne Schools,28,80,35.0%,19,94,20.2%,34,89,38.2%,32,87,36.8%,22,101,21.8%,36,119,30.3%,171,570,30.0%,
8385,Richmond Community Schools,76,304,25.0%,81,294,27.6%,50,322,15.5%,46,300,15.3%,30,325,9.2%,24,308,7.8%,307,1853,16.6%,
8425,Southern Wells Com Schools,18,78,23.1%,26,77,33.8%,23,70,32.9%,20,76,26.3%,28,68,41.2%,21,54,38.9%,136,423,32.2%,
8435,Norwell Community Schools,64,174,36.8%,85,184,46.2%,65,193,33.7%,78,181,43.1%,65,179,36.3%,71,213,33.3%,428,1124,38.1%,
8445,MSD Bluffton-Harrison,37,145,25.5%,41,127,32.3%,31,121,25.6%,57,145,39.3%,31,141,22.0%,25,121,20.7%,222,800,27.8%,
8515,North White School Corp,11,68,16.2%,10,73,13.7%,7,74,9.5%,8,67,11.9%,2,72,2.8%,8,76,10.5%,46,430,10.7%,
8525,Frontier School Corporation,18,53,34.0%,16,50,32.0%,14,48,29.2%,17,40,42.5%,25,57,43.9%,18,42,42.9%,108,290,37.2%,
8535,Tri-County School Corporation,25,55,45.5%,27,69,39.1%,14,55,25.5%,13,64,20.3%,14,50,28.0%,20,53,37.7%,113,346,32.7%,
8565,Twin Lakes School Corp,38,171,22.2%,60,173,34.7%,31,175,17.7%,47,173,27.2%,38,143,26.6%,40,171,23.4%,254,1006,25.2%,
8625,Smith-Green Community Schools,35,88,39.8%,20,89,22.5%,21,79,26.6%,16,79,20.3%,19,83,22.9%,9,83,10.8%,120,501,24.0%,
8665,Whitley County Con Schools,90,252,35.7%,95,285,33.3%,81,267,30.3%,66,239,27.6%,63,260,24.2%,46,288,16.0%,441,1591,27.7%,
8675,Invent Learning Hub,2,22,9.1%,1,12,8.3%,0,23,0.0%,0,13,0.0%,1,24,4.2%,2,16,12.5%,6,110,5.5%,
8685,PLA at George H Fisher School 93,4,52,7.7%,13,60,21.7%,8,58,13.8%,11,65,16.9%,,,,,,,36,235,15.3%,
8690,Dynamic Minds Academy,***,4,***,***,1,***,***,7,***,***,6,***,***,4,***,***,7,***,1,29,3.4%,
8950,Phalen Leadership Academy at Francis Scott Key School 103,7,79,8.9%,3,96,3.1%,3,73,4.1%,7,87,8.0%,,,,,,,20,335,6.0%,
8970,GEO Next Generation Academy,,,,,,,,,,,,,0,16,0.0%,0,21,0.0%,0,37,0.0%,
8980,The PATH School,13,75,17.3%,5,70,7.1%,5,75,6.7%,1,79,1.3%,4,54,7.4%,2,57,3.5%,30,410,7.3%,
9000,Phalen Virtual Leadership Academy,0,16,0.0%,1,23,4.3%,1,21,4.8%,0,23,0.0%,0,27,0.0%,1,38,2.6%,3,148,2.0%,
9004,Paramount School of Excellence South Bend,3,31,9.7%,5,42,11.9%,5,47,10.6%,6,39,15.4%,,,,,,,19,159,11.9%,
9022,Paramount School of Excellence Lafayette,1,19,5.3%,5,21,23.8%,13,37,35.1%,6,17,35.3%,,,,,,,25,94,26.6%,
9027,Success Academy at Boys and Girls Club,0,14,0.0%,0,11,0.0%,0,15,0.0%,,,,,,,,,,0,40,0.0%,
9030,Otwell Miller Academy,2,16,12.5%,4,18,22.2%,2,15,13.3%,,,,,,,,,,8,49,16.3%,
9035,Indiana Connections Career Academy,,,,,,,,,,4,22,18.2%,4,46,8.7%,6,66,9.1%,14,134,10.4%,
9040,Avondale Meadows Middle School,,,,,,,2,51,3.9%,3,45,6.7%,2,52,3.8%,2,46,4.3%,9,194,4.6%,
9043,Premier Arts Academy,6,30,20.0%,3,22,13.6%,2,25,8.0%,2,24,8.3%,,,,,,,13,101,12.9%,
9045,James & Rosemary Phalen Leadership Academy Middle School,,,,,,,,,,,,,8,118,6.8%,5,147,3.4%,13,265,4.9%,
9054,The Genius School,1,19,5.3%,2,15,13.3%,1,17,5.9%,3,13,23.1%,,,,,,,7,64,10.9%,
9060,Paramount Cottage Home,32,83,38.6%,20,52,38.5%,23,36,63.9%,,,,,,,,,,75,171,43.9%,
9065,Allegiant Preparatory Academy,5,27,18.5%,3,22,13.6%,2,16,12.5%,,,,,,,,,,10,65,15.4%,
9085,pilotED Schools,2,39,5.1%,3,31,9.7%,3,24,12.5%,1,13,7.7%,,,,,,,9,107,8.4%,
9090,Matchbook Learning  ,2,73,2.7%,4,78,5.1%,1,78,1.3%,2,72,2.8%,5,64,7.8%,4,86,4.7%,18,451,4.0%,
9120,Hoosier College and Career Academy,,,,,,,,,,,,,3,91,3.3%,8,179,4.5%,11,270,4.1%,
9130,Adelante Schools,6,34,17.6%,2,53,3.8%,3,39,7.7%,6,33,18.2%,8,66,12.1%,7,62,11.3%,32,287,11.1%,
9150,Circle City Prep Charter School,1,44,2.3%,11,41,26.8%,1,37,2.7%,4,24,16.7%,3,24,12.5%,,,,20,170,11.8%,
9165,Paramount Englewood,,,,,,,4,17,23.5%,12,62,19.4%,22,80,27.5%,19,62,30.6%,57,221,25.8%,
9170,Rooted School Indianapolis,,,,,,,,,,,,,1,27,3.7%,0,27,0.0%,1,54,1.9%,
9195,Timothy L. Johnson Academy Middle ,,,,,,,,,,0,51,0.0%,1,56,1.8%,2,49,4.1%,3,156,1.9%,
9200,Archdiocese of Indianapolis,843,1673,50.4%,841,1682,50.0%,716,1547,46.3%,740,1632,45.3%,656,1504,43.6%,613,1504,40.8%,4409,9542,46.2%,
9205,Diocese of Gary,188,455,41.3%,177,452,39.2%,168,450,37.3%,178,487,36.6%,179,449,39.9%,155,443,35.0%,1045,2736,38.2%,
9210,Diocese of Lafayette Catholic Sch,207,411,50.4%,203,380,53.4%,204,402,50.7%,200,377,53.1%,198,365,54.2%,153,314,48.7%,1165,2249,51.8%,
9215,Diocese of Evansville,303,523,57.9%,290,517,56.1%,294,516,57.0%,242,442,54.8%,257,459,56.0%,230,425,54.1%,1616,2882,56.1%,
9220,Diocese of Fort Wayne - South Bend,483,1079,44.8%,471,1066,44.2%,426,1025,41.6%,418,1031,40.5%,384,963,39.9%,305,885,34.5%,2487,6049,41.1%,
9230,Lutheran Schools of Indiana,335,775,43.2%,359,795,45.2%,305,831,36.7%,241,755,31.9%,272,695,39.1%,205,651,31.5%,1717,4502,38.1%,
9240,The Oaks Academy,51,107,47.7%,43,104,41.3%,56,103,54.4%,62,110,56.4%,53,99,53.5%,49,82,59.8%,314,605,51.9%,
9310,Charter School of the Dunes,2,81,2.5%,2,62,3.2%,1,64,1.6%,1,61,1.6%,3,80,3.8%,3,71,4.2%,12,419,2.9%,
9320,Community Montessori Inc,4,35,11.4%,6,30,20.0%,4,28,14.3%,4,35,11.4%,8,30,26.7%,7,36,19.4%,33,194,17.0%,
9325,Options Charter Schools,,,,,,,,,,1,29,3.4%,5,58,8.6%,5,92,5.4%,11,179,6.1%,
9330,Irvington Community School,11,61,18.0%,21,68,30.9%,8,65,12.3%,7,66,10.6%,8,73,11.0%,12,71,16.9%,67,404,16.6%,
9350,Timothy L Johnson Academy,4,58,6.9%,0,61,0.0%,1,49,2.0%,,,,,,,,,,5,168,3.0%,
9365,Enlace Academy,6,74,8.1%,2,73,2.7%,2,73,2.7%,3,71,4.2%,2,71,2.8%,5,75,6.7%,20,437,4.6%,
9380,Christel House Academy South,5,53,9.4%,8,53,15.1%,6,59,10.2%,2,52,3.8%,4,64,6.3%,2,56,3.6%,27,337,8.0%,
9395,Christel House Academy West,3,55,5.5%,4,51,7.8%,3,55,5.5%,2,53,3.8%,2,54,3.7%,1,54,1.9%,15,322,4.7%,
9400,KIPP Indy College Prep Middle,,,,,,,,,,5,117,4.3%,3,123,2.4%,2,129,1.6%,10,369,2.7%,
9410,KIPP Indy Unite Elementary,10,107,9.3%,9,103,8.7%,8,107,7.5%,,,,,,,,,,27,317,8.5%,
9425,Tindley Genesis Academy,3,65,4.6%,3,44,6.8%,1,41,2.4%,2,45,4.4%,,,,,,,9,195,4.6%,
9430,Tindley Summit Academy,5,36,13.9%,1,27,3.7%,0,24,0.0%,3,19,15.8%,,,,,,,9,106,8.5%,
9445,Charles A Tindley Accelerated Sch,,,,,,,,,,,,,1,72,1.4%,1,67,1.5%,2,139,1.4%,
9460,Thea Bowman Leadership Academy,9,68,13.2%,2,39,5.1%,2,47,4.3%,5,60,8.3%,5,64,7.8%,1,68,1.5%,24,346,6.9%,
9485,SE Neighborhood Sch of Excellence,3,67,4.5%,12,73,16.4%,5,62,8.1%,5,63,7.9%,1,68,1.5%,4,57,7.0%,30,390,7.7%,
9495,Joshua Academy,6,43,14.0%,6,34,17.6%,3,27,11.1%,0,15,0.0%,,,,,,,15,119,12.6%,
9505,Indiana Agriculture and Technology,,,,,,,,,,,,,1,34,2.9%,1,49,2.0%,2,83,2.4%,
9531,Paramount Online Academy,1,14,7.1%,2,19,10.5%,3,27,11.1%,1,40,2.5%,2,47,4.3%,6,55,10.9%,15,202,7.4%,
9533,Promise Prep,1,17,5.9%,1,11,9.1%,,,,,,,,,,,,,2,28,7.1%,
9534,Indy Steam Academy,6,20,30.0%,2,18,11.1%,0,14,0.0%,1,21,4.8%,***,8,***,,,,9,81,11.1%,
9535,Gary Lighthouse Charter School,5,74,6.8%,4,67,6.0%,3,55,5.5%,5,85,5.9%,7,76,9.2%,2,86,2.3%,26,443,5.9%,
9536,Lawrence County Independent Schools,5,19,26.3%,5,24,20.8%,4,21,19.0%,0,16,0.0%,1,20,5.0%,4,20,20.0%,19,120,15.8%,
9537,The Nature School of Central Indiana,2,15,13.3%,0,21,0.0%,4,15,26.7%,0,15,0.0%,1,14,7.1%,1,12,8.3%,8,92,8.7%,
9538,Herron Preparatory Academy,18,45,40.0%,17,50,34.0%,10,17,58.8%,,,,,,,,,,45,112,40.2%,
9545,21st Century Charter Sch of Gary,14,78,17.9%,9,86,10.5%,6,53,11.3%,7,75,9.3%,3,71,4.2%,2,83,2.4%,41,446,9.2%,
9555,East Chicago Urban Enterprise Academy,18,50,36.0%,14,47,29.8%,10,51,19.6%,4,44,9.1%,3,40,7.5%,5,49,10.2%,54,281,19.2%,
9575,Victory College Prep,14,74,18.9%,17,86,19.8%,18,76,23.7%,15,73,20.5%,19,80,23.8%,17,78,21.8%,100,467,21.4%,
9595,East Chicago Lighthouse Charter,5,51,9.8%,2,54,3.7%,3,46,6.5%,0,56,0.0%,1,46,2.2%,1,41,2.4%,12,294,4.1%,
9605,IN Sch for the Blind & Vis Imprd,***,2,***,***,8,***,***,8,***,***,7,***,***,4,***,***,5,***,0,34,0.0%,
9610,Indiana School For The Deaf,0,27,0.0%,0,17,0.0%,2,26,7.7%,3,39,7.7%,1,20,5.0%,1,23,4.3%,7,152,4.6%,
9615,Andrew J Brown Academy,8,67,11.9%,9,64,14.1%,16,60,26.7%,1,55,1.8%,4,52,7.7%,11,53,20.8%,49,351,14.0%,
9620,Burris Laboratory School,26,44,59.1%,20,46,43.5%,14,48,29.2%,21,57,36.8%,15,58,25.9%,20,61,32.8%,116,314,36.9%,
9645,Avondale Meadows Academy,3,60,5.0%,1,38,2.6%,,,,,,,,,,,,,4,98,4.1%,
9665,Geist Montessori Academy,21,44,47.7%,8,29,27.6%,5,25,20.0%,4,26,15.4%,***,7,***,***,8,***,41,139,29.5%,
9680,Paramount Brookside ,49,96,51.0%,20,84,23.8%,49,84,58.3%,62,89,69.7%,31,86,36.0%,31,76,40.8%,242,515,47.0%,
9685,Aspire Charter Academy,16,69,23.2%,13,78,16.7%,17,63,27.0%,13,73,17.8%,3,64,4.7%,5,66,7.6%,67,413,16.2%,
9690,Renaissance Academy Charter School,10,37,27.0%,12,34,35.3%,7,20,35.0%,10,29,34.5%,4,25,16.0%,5,21,23.8%,48,166,28.9%,
9705,Hammond Academy of Science & Tech,,,,,,,,,,16,90,17.8%,8,92,8.7%,12,79,15.2%,36,261,13.8%,
9722,Springville Community Academy,8,21,38.1%,5,19,26.3%,5,31,16.1%,4,17,23.5%,7,23,30.4%,***,9,***,31,120,25.8%,
9725,Canaan Community Academy,2,22,9.1%,3,21,14.3%,0,15,0.0%,0,18,0.0%,1,14,7.1%,1,14,7.1%,7,104,6.7%,
9735,Inspire Academy - A Sch of Inquiry,1,20,5.0%,0,19,0.0%,1,16,6.3%,0,20,0.0%,0,20,0.0%,0,15,0.0%,2,110,1.8%,
9737,Liberty Grove Schools,1,37,2.7%,0,40,0.0%,1,45,2.2%,2,33,6.1%,,,,,,,4,155,2.6%,
9760,Smith Academy for Excellence,,,,***,3,***,***,2,***,***,5,***,2,14,14.3%,0,12,0.0%,5,36,13.9%,
9785,IN Math & Science Academy,37,65,56.9%,17,62,27.4%,33,54,61.1%,25,51,49.0%,17,54,31.5%,19,58,32.8%,148,344,43.0%,
9790,Anderson Preparatory Academy,5,51,9.8%,3,53,5.7%,2,48,4.2%,1,71,1.4%,0,75,0.0%,2,76,2.6%,13,374,3.5%,
9829,Monarca Academy,,,,,,,,,,3,24,12.5%,9,78,11.5%,,,,12,102,11.8%,
9835,The Bloomington Project School,19,36,52.8%,16,33,48.5%,16,41,39.0%,9,32,28.1%,7,24,29.2%,14,28,50.0%,81,194,41.8%,
9870,Discovery Charter School,39,74,52.7%,27,74,36.5%,24,59,40.7%,11,50,22.0%,12,38,31.6%,12,42,28.6%,125,337,37.1%,
9875,Rock Creek Community Academy,23,57,40.4%,17,51,33.3%,12,49,24.5%,10,45,22.2%,8,53,15.1%,7,39,17.9%,77,294,26.2%,
9895,IN Math & Science Academy - North,5,41,12.2%,2,46,4.3%,1,43,2.3%,5,49,10.2%,0,69,0.0%,6,58,10.3%,19,306,6.2%,
9905,Indiana Connections Academy,26,165,15.8%,21,168,12.5%,22,209,10.5%,31,261,11.9%,35,336,10.4%,58,472,12.3%,193,1611,12.0%,
9920,Damar Charter Academy,***,2,***,***,5,***,***,6,***,***,7,***,***,4,***,1,12,8.3%,1,36,2.8%,
9925,Phalen Leadership Academy - IN Inc,1,29,3.4%,3,26,11.5%,1,18,5.6%,1,17,5.9%,0,24,0.0%,0,14,0.0%,6,128,4.7%,
9935,Vision Academy,2,48,4.2%,3,29,10.3%,5,31,16.1%,4,47,8.5%,1,42,2.4%,3,52,5.8%,18,249,7.2%,
9950,Dugger Union Community School Corp,6,46,13.0%,6,31,19.4%,7,45,15.6%,9,46,19.6%,2,50,4.0%,3,55,5.5%,33,273,12.1%,
9954,Phalen Leadership Academy at Louis B Russell School 48,0,41,0.0%,3,36,8.3%,4,36,11.1%,5,30,16.7%,,,,,,,12,143,8.4%,
9955,Mays Community Academy,2,12,16.7%,1,19,5.3%,2,15,13.3%,5,15,33.3%,,,,,,,10,61,16.4%,
9960,Success Academy Primary School,12,95,12.6%,7,80,8.8%,10,85,11.8%,,,,,,,,,,29,260,11.2%,
9965,Career Academy Middle School,,,,,,,,,,7,113,6.2%,5,139,3.6%,7,125,5.6%,19,377,5.0%,
9970,ACE Preparatory Academy,0,16,0.0%,3,20,15.0%,5,19,26.3%,,,,,,,,,,8,55,14.5%,
9975,Global Preparatory Academy,13,98,13.3%,9,46,19.6%,6,61,9.8%,1,70,1.4%,6,62,9.7%,2,37,5.4%,37,374,9.9%,
9980,Steel City Academy,1,23,4.3%,1,22,4.5%,0,25,0.0%,2,28,7.1%,1,14,7.1%,4,23,17.4%,9,135,6.7%,
9985,Seven Oaks Classical School,32,52,61.5%,29,43,67.4%,19,41,46.3%,18,33,54.5%,17,46,37.0%,11,26,42.3%,126,241,52.3%,
9990,Higher Institute of Arts & Tech,0,26,0.0%,2,24,8.3%,0,23,0.0%,2,27,7.4%,1,21,4.8%,1,25,4.0%,6,146,4.1%,
