Data Notes:,,,,,,,,,
Scores reflect all ILEARN Spring 2024 testers,,,,,,,,,
*** - Indicates less than 10 students in group.  Results have been supressed to protect student privacy,,,,,,,,,
,,Grade 5,,,,,,,
Corp ID,Corp Name,"Social Studies
Below
Proficiency","Social Studies 
Approaching
Proficiency","Social Studies 
At
Proficiency","Social Studies 
Above
Proficiency","Social Studies
Total
Proficient","Social Studies
Total
Tested","Social Studies
Proficient 
%",
0015,Adams Central Community Schools,38,25,24,15,39,102,38.2%,
0025,North Adams Community Schools,29,22,20,11,31,82,37.8%,
0035,South Adams Schools,32,19,22,17,39,90,43.3%,
0125,MSD Southwest Allen County Schls,160,105,160,144,304,569,53.4%,
0225,Northwest Allen County Schools,144,130,221,155,376,650,57.8%,
0235,Fort Wayne Community Schools,1250,323,275,181,456,2029,22.5%,
0255,East Allen County Schools,368,102,135,96,231,701,33.0%,
0365,Bartholomew Con School Corp,390,159,161,112,273,822,33.2%,
0370,Flat Rock-Hawcreek School Corp,43,23,13,5,18,84,21.4%,
0395,Benton Community School Corp,39,19,26,18,44,102,43.1%,
0515,Blackford County Schools,56,17,30,13,43,116,37.1%,
0615,Western Boone Co Com Sch Dist,34,26,30,30,60,120,50.0%,
0630,Zionsville Community Schools,88,83,172,263,435,606,71.8%,
0665,Lebanon Community School Corp,108,56,70,31,101,265,38.1%,
0670,Brown County School Corporation,39,24,36,16,52,115,45.2%,
0750,Carroll Consolidated School Corp,36,24,20,7,27,87,31.0%,
0755,Delphi Community School Corp,40,18,22,17,39,97,40.2%,
0775,Pioneer Regional School Corp,52,18,7,2,9,79,11.4%,
0815,Lewis Cass Schools ,44,36,28,10,38,118,32.2%,
0875,Logansport Community Sch Corp,215,42,45,27,72,329,21.9%,
0935,Borden-Henryville School Corporation,80,26,29,9,38,144,26.4%,
0945,Silver Creek School Corporation,102,50,46,17,63,215,29.3%,
1000,Clarksville Community School Corp,227,31,31,13,44,302,14.6%,
1010,Greater Clark County Schools,402,162,155,69,224,788,28.4%,
1125,Clay Community Schools,80,53,78,72,150,283,53.0%,
1150,Clinton Central School Corporation,27,12,13,10,23,62,37.1%,
1160,Clinton Prairie School Corporation,50,15,18,9,27,92,29.3%,
1170,Community Schools of Frankfort,155,38,25,5,30,223,13.5%,
1180,Rossville Con School District,30,14,20,16,36,80,45.0%,
1300,Crawford County Community Sch Corp,32,20,19,17,36,88,40.9%,
1315,Barr-Reeve Community Schools Inc,22,16,34,24,58,96,60.4%,
1375,North Daviess Com Schools,19,11,19,22,41,71,57.7%,
1405,Washington Community Schools,87,34,37,22,59,180,32.8%,
1560,Sunman-Dearborn Com Sch Corp,54,32,74,65,139,225,61.8%,
1600,South Dearborn Community Sch Corp,50,29,33,14,47,126,37.3%,
1620,Lawrenceburg Community School Corp,39,24,47,27,74,137,54.0%,
1655,Decatur County Community Schools,45,25,34,15,49,119,41.2%,
1730,Greensburg Community Schools,52,23,29,36,65,140,46.4%,
1805,DeKalb Co Eastern Com Sch Dist,44,20,12,13,25,89,28.1%,
1820,Garrett-Keyser-Butler Com Sch Corp,64,25,17,3,20,109,18.3%,
1835,DeKalb Co Ctl United Sch Dist,90,46,54,37,91,227,40.1%,
1875,Delaware Community School Corp,47,35,51,48,99,181,54.7%,
1885,Wes-Del Community Schools,32,19,13,5,18,69,26.1%,
1895,Liberty-Perry Community Sch Corp,34,19,25,20,45,98,45.9%,
1900,Cowan Community School Corp,24,11,24,13,37,72,51.4%,
1910,Yorktown Community Schools,62,52,65,42,107,221,48.4%,
1940,Daleville Community Schools,38,16,17,9,26,80,32.5%,
1970,Muncie Community Schools,265,52,69,19,88,405,21.7%,
2040,Northeast Dubois Co Sch Corp,26,16,15,11,26,68,38.2%,
2100,Southeast Dubois Co Sch Corp,22,21,32,27,59,102,57.8%,
2110,Southwest Dubois Co Sch Corp,56,34,25,23,48,138,34.8%,
2120,Greater Jasper Consolidated Schs,77,62,57,46,103,242,42.6%,
2155,Fairfield Community Schools,71,36,52,25,77,184,41.8%,
2260,Baugo Community Schools,52,29,36,9,45,126,35.7%,
2270,Concord Community Schools,197,78,45,18,63,338,18.6%,
2275,Middlebury Community Schools,138,72,73,61,134,344,39.0%,
2285,Wa-Nee Community Schools,69,43,56,49,105,217,48.4%,
2305,Elkhart Community Schools,536,125,83,40,123,784,15.7%,
2315,Goshen Community Schools,263,66,84,51,135,464,29.1%,
2395,Fayette County School Corporation,70,43,50,36,86,199,43.2%,
2400,New Albany-Floyd Co Con Sch,331,136,172,140,312,779,40.1%,
2435,Attica Consolidated School Corp,18,9,16,2,18,45,40.0%,
2440,Covington Community School Corp,13,10,19,10,29,52,55.8%,
2455,Southeast Fountain School Corp,38,16,23,7,30,84,35.7%,
2475,Franklin County Community Sch Corp,40,30,47,28,75,145,51.7%,
2645,Rochester Community School Corp,50,17,27,15,42,109,38.5%,
2650,Caston School Corporation,25,16,18,11,29,70,41.4%,
2725,East Gibson School Corporation,17,7,17,8,25,49,51.0%,
2735,North Gibson School Corporation,92,21,20,12,32,145,22.1%,
2765,South Gibson School Corporation,44,34,39,24,63,141,44.7%,
2815,Eastbrook Community Sch Corp,38,23,25,19,44,105,41.9%,
2825,Madison-Grant United School Corp,81,28,18,22,40,149,26.8%,
2855,Mississinewa Community School Corp,81,28,27,13,40,149,26.8%,
2865,Marion Community Schools,176,44,32,13,45,265,17.0%,
2920,Bloomfield School District,21,19,26,13,39,79,49.4%,
2940,Eastern Greene Schools,49,8,18,13,31,88,35.2%,
2950,Linton-Stockton School Corporation,32,18,28,15,43,93,46.2%,
2960,MSD Shakamak Schools,21,12,17,2,19,52,36.5%,
2980,White River Valley School District,24,6,9,7,16,46,34.8%,
3005,Hamilton Southeastern Schools,384,300,468,444,912,1596,57.1%,
3025,Hamilton Heights School Corp,56,36,43,46,89,181,49.2%,
3030,Westfield-Washington Schools,145,111,210,235,445,701,63.5%,
3055,Sheridan Community Schools,30,18,17,12,29,77,37.7%,
3060,Carmel Clay Schools,189,146,338,512,850,1185,71.7%,
3070,Noblesville Schools,226,124,261,195,456,806,56.6%,
3115,New Palestine Community Schools,93,51,64,54,118,262,45.0%,
3125,Greenfield-Central Com Schools,113,64,94,33,127,304,41.8%,
3135,Mt Vernon Community School Corp,126,69,101,61,162,357,45.4%,
3145,Eastern Hancock Co Com Sch Corp,20,16,30,21,51,87,58.6%,
3160,Lanesville Community School Corp,17,10,15,14,29,56,51.8%,
3180,North Harrison Com School Corp,54,35,32,29,61,150,40.7%,
3190,South Harrison Com Schools,74,38,72,38,110,222,49.5%,
3295,North West Hendricks Schools,25,33,42,33,75,133,56.4%,
3305,Brownsburg Community School Corp,230,126,196,237,433,789,54.9%,
3315,Avon Community School Corp,254,140,169,177,346,740,46.8%,
3325,Danville Community School Corp,91,37,54,32,86,214,40.2%,
3330,Plainfield Community School Corp,165,74,84,114,198,437,45.3%,
3335,Mill Creek Community Sch Corp,34,17,27,20,47,98,48.0%,
3405,Blue River Valley Schools,11,8,11,3,14,33,42.4%,
3415,South Henry School Corp,26,16,15,4,19,61,31.1%,
3435,Shenandoah School Corporation,36,25,31,11,42,103,40.8%,
3445,New Castle Community School Corp,82,38,49,34,83,203,40.9%,
3455,C A Beard Memorial School Corp,26,14,20,11,31,71,43.7%,
3460,Taylor Community School Corp,67,9,11,4,15,91,16.5%,
3470,Northwestern School Corp,41,30,33,26,59,130,45.4%,
3480,Eastern Howard School Corporation,47,20,36,20,56,123,45.5%,
3490,Western School Corporation,83,34,39,36,75,192,39.1%,
3500,Kokomo School Corporation,212,57,57,33,90,359,25.1%,
3625,Huntington Co Com Sch Corp,132,73,97,49,146,351,41.6%,
3640,Medora Community School Corp,6,4,2,1,3,13,23.1%,
3675,Seymour Community Schools,249,72,62,47,109,430,25.3%,
3695,Brownstown Cnt Com Sch Corp,43,18,18,21,39,100,39.0%,
3710,Crothersville Community Schools,21,6,11,4,15,42,35.7%,
3785,Kankakee Valley School Corp,91,49,51,37,88,228,38.6%,
3815,Rensselaer Central School Corp,44,23,32,10,42,109,38.5%,
3945,Jay School Corporation,86,45,57,40,97,228,42.5%,
3995,Madison Consolidated Schools,60,32,35,26,61,153,39.9%,
4000,Southwestern-Jefferson Co Con,40,13,15,12,27,80,33.8%,
4015,Jennings County School Corporation,140,58,59,20,79,277,28.5%,
4145,Clark-Pleasant Community Sch Corp,237,111,130,69,199,547,36.4%,
4205,Center Grove Community School Corp,243,137,168,174,342,722,47.4%,
4215,Edinburgh Community School Corp,52,7,6,1,7,66,10.6%,
4225,Franklin Community School Corp,143,64,94,59,153,360,42.5%,
4245,Greenwood Community Sch Corp,120,57,71,64,135,312,43.3%,
4255,Nineveh-Hensley-Jackson United,50,27,34,38,72,149,48.3%,
4315,North Knox School Corp,43,17,26,8,34,94,36.2%,
4325,South Knox School Corp,22,16,28,21,49,87,56.3%,
4335,Vincennes Community School Corp,104,43,45,17,62,209,29.7%,
4345,Wawasee Community School Corp,85,39,48,23,71,195,36.4%,
4415,Warsaw Community Schools,239,113,122,72,194,546,35.5%,
4445,Tippecanoe Valley School Corp,64,21,35,15,50,135,37.0%,
4455,Whitko Community School Corp,41,16,16,15,31,88,35.2%,
4515,Prairie Heights Community Sch Corp,33,23,21,23,44,100,44.0%,
4525,Westview School Corporation,40,30,54,48,102,172,59.3%,
4535,Lakeland School Corporation,60,21,20,8,28,109,25.7%,
4570,NW Indiana Special Education Coop,***,***,***,***,***,1,***,
4580,Hanover Community School Corp,49,51,72,36,108,208,51.9%,
4590,River Forest Community Sch Corp,57,24,17,5,22,103,21.4%,
4600,Merrillville Community School Corp,203,63,60,25,85,351,24.2%,
4615,Lake Central School Corporation,186,129,192,172,364,679,53.6%,
4645,Tri-Creek School Corporation,69,47,51,56,107,223,48.0%,
4650,Lake Ridge New Tech Schools,82,7,4,1,5,94,5.3%,
4660,Crown Point Community School Corp,181,135,194,165,359,675,53.2%,
4670,School City of East Chicago,191,25,11,3,14,230,6.1%,
4680,Lake Station Community Schools,47,26,13,7,20,93,21.5%,
4690,Gary Community School Corp,300,15,14,2,16,331,4.8%,
4700,Griffith Public Schools,33,22,52,33,85,140,60.7%,
4710,School City of Hammond,551,129,107,33,140,820,17.1%,
4720,School Town of Highland,89,53,63,31,94,236,39.8%,
4730,School City of Hobart,129,52,72,39,111,292,38.0%,
4740,School Town of Munster,74,59,101,100,201,334,60.2%,
4760,School City of Whiting,35,19,14,6,20,74,27.0%,
4805,New Prairie United School Corp,89,51,42,27,69,209,33.0%,
4860,MSD of New Durham Township,30,18,14,3,17,65,26.2%,
4915,Tri-Township Cons School Corp,8,5,5,2,7,20,35.0%,
4925,Michigan City Area Schools,255,63,53,18,71,389,18.3%,
4940,South Central Com School Corp,20,21,22,15,37,78,47.4%,
4945,La Porte Community School Corp,151,75,92,84,176,402,43.8%,
5075,North Lawrence Com Schools,65,42,56,53,109,216,50.5%,
5085,Mitchell Community Schools,74,30,17,4,21,125,16.8%,
5245,Frankton-Lapel Community Schools,103,36,47,26,73,212,34.4%,
5255,South Madison Com Sch Corp,108,56,75,71,146,310,47.1%,
5265,Alexandria Community School Corp,42,15,28,15,43,100,43.0%,
5275,Anderson Community School Corp,336,70,44,16,60,466,12.9%,
5280,Elwood Community School Corp,53,19,11,5,16,88,18.2%,
5300,MSD Decatur Township,313,60,58,37,95,468,20.3%,
5310,Franklin Township Com Sch Corp,290,136,208,228,436,862,50.6%,
5330,MSD Lawrence Township,666,146,181,125,306,1118,27.4%,
5340,Perry Township Schools,684,218,219,112,331,1233,26.8%,
5350,MSD Pike Township,436,106,99,41,140,682,20.5%,
5360,MSD Warren Township,582,110,56,20,76,768,9.9%,
5370,MSD Washington Township,354,122,134,126,260,736,35.3%,
5375,MSD Wayne Township,681,185,176,70,246,1112,22.1%,
5380,Beech Grove City Schools,118,24,21,10,31,173,17.9%,
5385,Indianapolis Public Schools,1248,195,154,91,245,1688,14.5%,
5390,Southside Sp Srvs Of Marion Co,7,2,1,0,1,10,10.0%,
5400,School Town of Speedway,37,22,32,17,49,108,45.4%,
5455,Culver Community Schools Corp,26,10,13,10,23,59,39.0%,
5470,Argos Community Schools,21,12,11,6,17,50,34.0%,
5480,Bremen Public Schools,33,21,27,25,52,106,49.1%,
5485,Plymouth Community School Corp,94,40,41,36,77,211,36.5%,
5495,Triton School Corporation,22,12,26,13,39,73,53.4%,
5520,Shoals Community School Corp,41,8,8,1,9,58,15.5%,
5525,Loogootee Community Sch Corp,24,21,12,13,25,70,35.7%,
5615,Maconaquah School Corp,75,32,21,10,31,138,22.5%,
5620,North Miami Community Schools,27,6,16,5,21,54,38.9%,
5625,Oak Hill United School Corp,18,16,40,37,77,111,69.4%,
5635,Peru Community Schools,62,20,26,28,54,136,39.7%,
5705,Richland-Bean Blossom C S C,63,42,54,33,87,192,45.3%,
5740,Monroe County Community Sch Corp,304,131,168,156,324,759,42.7%,
5835,North Montgomery Com Sch Corp,36,23,39,25,64,123,52.0%,
5845,South Montgomery Com Sch Corp,55,30,24,20,44,129,34.1%,
5855,Crawfordsville Community Schools,85,28,41,23,64,177,36.2%,
5900,Monroe-Gregg School District,78,18,13,3,16,112,14.3%,
5910,Eminence Community School Corp,5,7,4,0,4,16,25.0%,
5925,MSD Martinsville Schools,124,51,49,23,72,247,29.1%,
5930,Mooresville Con School Corp,133,61,77,26,103,297,34.7%,
5945,North Newton School Corp,33,18,20,11,31,82,37.8%,
5995,South Newton School Corp,20,11,20,14,34,65,52.3%,
6055,Central Noble Com School Corp,32,19,14,12,26,77,33.8%,
6060,East Noble School Corporation,113,48,44,29,73,234,31.2%,
6065,West Noble School Corporation,82,26,26,12,38,146,26.0%,
6080,Rising Sun-Ohio Co Com,15,10,16,20,36,61,59.0%,
6145,Orleans Community Schools,21,8,17,8,25,54,46.3%,
6155,Paoli Community School Corp,31,14,24,15,39,84,46.4%,
6160,Springs Valley Com School Corp,24,17,15,17,32,73,43.8%,
6195,Spencer-Owen Community Schools,81,34,31,11,42,157,26.8%,
6260,Southwest Parke Com Sch Corp,29,19,11,6,17,65,26.2%,
6325,Perry Central Com Schools Corp,39,10,13,12,25,74,33.8%,
6340,Cannelton City Schools,11,1,4,0,4,16,25.0%,
6350,Tell City-Troy Twp School Corp,39,15,29,17,46,100,46.0%,
6375,North Central Parke Comm Schl Corp,36,21,21,14,35,92,38.0%,
6445,Pike County School Corp,60,27,30,12,42,129,32.6%,
6455,Porter County Education Services,***,***,***,***,***,4,***,
6460,MSD Boone Township,21,13,21,18,39,73,53.4%,
6470,Duneland School Corporation,101,63,112,136,248,412,60.2%,
6510,East Porter County School Corp,62,32,41,39,80,174,46.0%,
6520,Porter Township School Corp,31,19,27,17,44,94,46.8%,
6530,Union Township School Corp,19,31,35,33,68,118,57.6%,
6550,Portage Township Schools,308,92,59,24,83,483,17.2%,
6560,Valparaiso Community Schools,135,70,115,152,267,472,56.6%,
6590,MSD Mount Vernon,36,27,49,51,100,163,61.3%,
6600,MSD North Posey Co Schools,30,16,38,25,63,109,57.8%,
6620,Eastern Pulaski Community Sch Corp,36,9,23,14,37,82,45.1%,
6630,West Central School Corp,34,11,13,3,16,61,26.2%,
6705,South Putnam Community Schools,33,18,20,16,36,87,41.4%,
6715,North Putnam Community Schools,41,15,28,16,44,100,44.0%,
6750,Cloverdale Community Schools,92,45,44,42,86,223,38.6%,
6755,Greencastle Community School Corp,44,23,32,22,54,121,44.6%,
6795,Union School Corporation,361,35,24,8,32,428,7.5%,
6805,Randolph Southern School Corp,10,5,8,4,12,27,44.4%,
6820,Monroe Central School Corp,31,16,22,11,33,80,41.3%,
6825,Randolph Central School Corp,44,15,27,24,51,110,46.4%,
6835,Randolph Eastern School Corp,41,12,8,2,10,63,15.9%,
6865,South Ripley Com Sch Corp,21,10,19,21,40,71,56.3%,
6895,Batesville Community School Corp,59,34,48,30,78,171,45.6%,
6900,Jac-Cen-Del Community Sch Corp,23,10,14,3,17,50,34.0%,
6910,Milan Community Schools,33,27,17,12,29,89,32.6%,
6995,Rush County Schools,68,26,29,11,40,134,29.9%,
7150,John Glenn School Corporation,45,22,41,28,69,136,50.7%,
7175,Penn-Harris-Madison School Corp,252,121,209,280,489,862,56.7%,
7200,School City of Mishawaka,231,64,55,46,101,396,25.5%,
7205,South Bend Community School Corp,678,130,121,49,170,978,17.4%,
7215,Union-North United School Corp,45,15,11,7,18,78,23.1%,
7230,Scott County School District 1,45,10,14,6,20,75,26.7%,
7255,Scott County School District 2,67,30,53,25,78,175,44.6%,
7285,Shelby Eastern Schools,47,20,29,11,40,107,37.4%,
7350,Northwestern Con School Corp,50,8,20,17,37,95,38.9%,
7360,Southwestern Con Sch Shelby Co,26,7,8,4,12,45,26.7%,
7365,Shelbyville Central Schools,133,54,62,23,85,272,31.3%,
7385,North Spencer County Sch Corp,32,19,46,39,85,136,62.5%,
7445,South Spencer County Sch Corp,42,15,14,9,23,80,28.8%,
7495,Oregon-Davis School Corp,19,10,4,3,7,36,19.4%,
7515,North Judson-San Pierre Sch Corp,30,20,20,7,27,77,35.1%,
7525,Knox Community School Corp,78,13,21,10,31,122,25.4%,
7605,Fremont Community Schools,22,17,15,9,24,63,38.1%,
7610,Hamilton Community Schools,14,3,6,8,14,31,45.2%,
7615,MSD Steuben County,73,36,37,32,69,178,38.8%,
7645,Northeast School Corp,38,9,13,4,17,64,26.6%,
7715,Southwest School Corporation,70,30,37,8,45,145,31.0%,
7775,Switzerland County School Corp,44,18,25,23,48,110,43.6%,
7855,Lafayette School Corporation,301,83,86,28,114,498,22.9%,
7865,Tippecanoe School Corp,346,189,269,232,501,1036,48.4%,
7875,West Lafayette Com School Corp,28,18,42,105,147,193,76.2%,
7935,Tri-Central Community Schools,21,10,14,19,33,64,51.6%,
7945,Tipton Community School Corp,44,19,17,21,38,101,37.6%,
7950,Union Co/Clg Corner Joint Sch Dist,35,30,17,16,33,98,33.7%,
7995,Evansville Vanderburgh School Corp,853,248,269,179,448,1549,28.9%,
8010,North Vermillion Com Sch Corp,25,16,10,8,18,59,30.5%,
8020,South Vermillion Com Sch Corp,49,25,40,19,59,133,44.4%,
8030,Vigo County School Corp,526,181,179,91,270,977,27.6%,
8045,Manchester Community Schools,38,17,27,19,46,101,45.5%,
8050,MSD Wabash County Schools,33,24,32,24,56,113,49.6%,
8060,Wabash City Schools,38,20,24,15,39,97,40.2%,
8115,MSD Warren County,44,20,19,13,32,96,33.3%,
8130,Warrick County School Corp,163,129,226,236,462,754,61.3%,
8205,Salem Community Schools,52,19,27,29,56,127,44.1%,
8215,East Washington School Corp,56,18,17,5,22,96,22.9%,
8220,West Washington School Corp,10,11,25,13,38,59,64.4%,
8305,Nettle Creek School Corporation,24,16,23,23,46,86,53.5%,
8355,Western Wayne Schools,23,7,9,3,12,42,28.6%,
8360,Centerville-Abington Com Schs,45,30,41,25,66,141,46.8%,
8375,Northeastern Wayne Schools,29,17,30,13,43,89,48.3%,
8385,Richmond Community Schools,197,50,56,18,74,321,23.1%,
8425,Southern Wells Com Schools,20,23,15,12,27,70,38.6%,
8435,Norwell Community Schools,77,35,58,23,81,193,42.0%,
8445,MSD Bluffton-Harrison,61,17,23,20,43,121,35.5%,
8515,North White School Corp,50,8,10,5,15,73,20.5%,
8525,Frontier School Corporation,16,11,11,10,21,48,43.8%,
8535,Tri-County School Corporation,25,15,12,3,15,55,27.3%,
8565,Twin Lakes School Corp,82,45,35,12,47,174,27.0%,
8625,Smith-Green Community Schools,17,18,27,17,44,79,55.7%,
8665,Whitley County Con Schools,118,53,59,37,96,267,36.0%,
8675,Invent Learning Hub,20,3,0,0,0,23,0.0%,
8685,PLA at George H Fisher School 93,46,7,4,1,5,58,8.6%,
8690,Dynamic Minds Academy,***,***,***,***,***,6,***,
8950,Phalen Leadership Academy at Francis Scott Key School 103,65,4,4,0,4,73,5.5%,
8980,The PATH School,64,4,6,0,6,74,8.1%,
9000,Phalen Virtual Leadership Academy,15,2,4,0,4,21,19.0%,
9004,Paramount School of Excellence South Bend,41,3,3,0,3,47,6.4%,
9022,Paramount School of Excellence Lafayette,28,6,3,0,3,37,8.1%,
9027,Success Academy at Boys and Girls Club,12,2,1,0,1,15,6.7%,
9030,Otwell Miller Academy,11,1,1,2,3,15,20.0%,
9040,Avondale Meadows Middle School,39,7,3,2,5,51,9.8%,
9043,Premier Arts Academy,14,6,5,0,5,25,20.0%,
9054,The Genius School,15,1,0,0,0,16,0.0%,
9060,Paramount Cottage Home,21,5,7,3,10,36,27.8%,
9065,Allegiant Preparatory Academy,5,7,3,1,4,16,25.0%,
9085,pilotED Schools,17,3,2,2,4,24,16.7%,
9090,Matchbook Learning  ,67,7,2,1,3,77,3.9%,
9130,Adelante Schools,35,1,0,3,3,39,7.7%,
9150,Circle City Prep Charter School,30,3,4,0,4,37,10.8%,
9165,Paramount Englewood,13,3,1,0,1,17,5.9%,
9200,Archdiocese of Indianapolis,344,283,443,474,917,1544,59.4%,
9205,Diocese of Gary,123,90,136,101,237,450,52.7%,
9210,Diocese of Lafayette Catholic Sch,88,70,104,140,244,402,60.7%,
9215,Diocese of Evansville,91,82,176,167,343,516,66.5%,
9220,Diocese of Fort Wayne - South Bend,322,193,271,238,509,1024,49.7%,
9230,Lutheran Schools of Indiana,236,160,236,200,436,832,52.4%,
9240,The Oaks Academy,25,20,27,31,58,103,56.3%,
9310,Charter School of the Dunes,57,3,3,2,5,65,7.7%,
9320,Community Montessori Inc,9,7,5,7,12,28,42.9%,
9330,Irvington Community School,33,14,12,4,16,63,25.4%,
9350,Timothy L Johnson Academy,44,4,1,0,1,49,2.0%,
9365,Enlace Academy,56,14,3,0,3,73,4.1%,
9380,Christel House Academy South,45,9,3,2,5,59,8.5%,
9395,Christel House Academy West,46,5,3,1,4,55,7.3%,
9410,KIPP Indy Unite Elementary,87,15,5,0,5,107,4.7%,
9425,Tindley Genesis Academy,38,2,1,0,1,41,2.4%,
9430,Tindley Summit Academy,20,4,0,0,0,24,0.0%,
9460,Thea Bowman Leadership Academy,30,11,5,0,5,46,10.9%,
9485,SE Neighborhood Sch of Excellence,42,9,9,2,11,62,17.7%,
9495,Joshua Academy,21,2,2,2,4,27,14.8%,
9531,Paramount Online Academy,22,1,2,0,2,25,8.0%,
9534,Indy Steam Academy,15,1,0,0,0,16,0.0%,
9535,Gary Lighthouse Charter School,36,13,5,0,5,54,9.3%,
9536,Lawrence County Independent Schools,10,3,5,3,8,21,38.1%,
9537,The Nature School of Central Indiana,7,4,2,2,4,15,26.7%,
9538,Herron Preparatory Academy,2,4,2,9,11,17,64.7%,
9545,21st Century Charter Sch of Gary,38,11,4,0,4,53,7.5%,
9555,East Chicago Urban Enterprise Academy,29,7,10,5,15,51,29.4%,
9575,Victory College Prep,45,18,10,1,11,74,14.9%,
9595,East Chicago Lighthouse Charter,38,3,3,1,4,45,8.9%,
9605,IN Sch for the Blind & Vis Imprd,***,***,***,***,***,8,***,
9610,Indiana School For The Deaf,15,9,2,1,3,27,11.1%,
9615,Andrew J Brown Academy,37,6,12,5,17,60,28.3%,
9620,Burris Laboratory School,12,10,15,11,26,48,54.2%,
9665,Geist Montessori Academy,15,2,6,2,8,25,32.0%,
9680,Paramount Brookside ,42,15,21,6,27,84,32.1%,
9685,Aspire Charter Academy,33,14,13,4,17,64,26.6%,
9690,Renaissance Academy Charter School,5,6,4,5,9,20,45.0%,
9722,Springville Community Academy,14,6,9,2,11,31,35.5%,
9725,Canaan Community Academy,11,2,2,0,2,15,13.3%,
9735,Inspire Academy - A Sch of Inquiry,17,0,0,0,0,17,0.0%,
9737,Liberty Grove Schools,40,2,3,0,3,45,6.7%,
9760,Smith Academy for Excellence,***,***,***,***,***,2,***,
9785,IN Math & Science Academy,20,8,16,11,27,55,49.1%,
9790,Anderson Preparatory Academy,41,3,4,0,4,48,8.3%,
9835,The Bloomington Project School,12,3,14,12,26,41,63.4%,
9870,Discovery Charter School,20,8,16,15,31,59,52.5%,
9875,Rock Creek Community Academy,18,12,11,8,19,49,38.8%,
9895,IN Math & Science Academy - North,34,6,2,1,3,43,7.0%,
9905,Indiana Connections Academy,121,35,36,17,53,209,25.4%,
9920,Damar Charter Academy,***,***,***,***,***,5,***,
9925,Phalen Leadership Academy - IN Inc,16,1,1,0,1,18,5.6%,
9935,Vision Academy,21,6,3,1,4,31,12.9%,
9950,Dugger Union Community School Corp,23,9,11,2,13,45,28.9%,
9954,Phalen Leadership Academy at Louis B Russell School 48,33,3,0,0,0,36,0.0%,
9955,Mays Community Academy,11,3,1,0,1,15,6.7%,
9960,Success Academy Primary School,64,10,8,3,11,85,12.9%,
9970,ACE Preparatory Academy,11,4,3,1,4,19,21.1%,
9975,Global Preparatory Academy,44,12,4,0,4,60,6.7%,
9980,Steel City Academy,23,2,0,0,0,25,0.0%,
9985,Seven Oaks Classical School,7,6,9,19,28,41,68.3%,
9990,Higher Institute of Arts & Tech,20,1,2,0,2,23,8.7%,
