Data Notes:,,,,,,,,,,,,,,,,,,,,,,,,,,,,,,,,,,,,,,,,,,,,,,,,,,,
Scores reflect all ILEARN Spring 2024 testers,,,,,,,,,,,,,,,,,,,,,,,,,,,,,,,,,,,,,,,,,,,,,,,,,,,
*** - Indicates less than 10 students in group.  Results have been supressed to protect student privacy,,,,,,,,,,,,,,,,,,,,,,,,,,,,,,,,,,,,,,,,,,,,,,,,,,,
,,Grade 3,,,,,,,Grade 4,,,,,,,Grade 5,,,,,,,Grade 6,,,,,,,Grade 7,,,,,,,Grade 8,,,,,,,Corporation Total,,,,,,,
Corp ID,Corp Name,"Math
Below
Proficiency","Math 
Approaching
Proficiency","Math 
At
Proficiency","Math 
Above
Proficiency","Math
Total
Proficient","Math
Total
Tested","Math
Proficient 
%","Math
Below
Proficiency","Math 
Approaching
Proficiency","Math 
At
Proficiency","Math 
Above
Proficiency","Math
Total
Proficient","Math
Total
Tested","Math
Proficient 
%","Math
Below
Proficiency","Math 
Approaching
Proficiency","Math 
At
Proficiency","Math 
Above
Proficiency","Math
Total
Proficient","Math
Total
Tested","Math
Proficient 
%","Math
Below
Proficiency","Math 
Approaching
Proficiency","Math 
At
Proficiency","Math 
Above
Proficiency","Math
Total
Proficient","Math
Total
Tested","Math
Proficient 
%","Math
Below
Proficiency","Math 
Approaching
Proficiency","Math 
At
Proficiency","Math 
Above
Proficiency","Math
Total
Proficient","Math
Total
Tested","Math
Proficient 
%","Math
Below
Proficiency","Math 
Approaching
Proficiency","Math 
At
Proficiency","Math 
Above
Proficiency","Math
Total
Proficient","Math
Total
Tested","Math
Proficient 
%","Math
Below
Proficiency","Math 
Approaching
Proficiency","Math 
At
Proficiency","Math 
Above
Proficiency","Math
Total
Proficient","Math
Total
Tested","Math
Proficient 
%",
0015,Adams Central Community Schools,16,17,39,17,56,89,62.9%,20,21,37,16,53,94,56.4%,28,30,22,22,44,102,43.1%,15,15,36,45,81,111,73.0%,17,23,26,34,60,100,60.0%,11,18,31,39,70,99,70.7%,107,124,191,173,364,595,61.2%,
0025,North Adams Community Schools,28,27,32,13,45,100,45.0%,35,22,29,4,33,90,36.7%,39,25,11,7,18,82,22.0%,28,22,26,6,32,82,39.0%,38,31,14,10,24,93,25.8%,37,28,21,12,33,98,33.7%,205,155,133,52,185,545,33.9%,
0035,South Adams Schools,20,16,32,22,54,90,60.0%,18,26,38,18,56,100,56.0%,15,24,27,24,51,90,56.7%,33,28,26,14,40,101,39.6%,24,28,19,22,41,93,44.1%,16,21,19,32,51,88,58.0%,126,143,161,132,293,562,52.1%,
0125,MSD Southwest Allen County Schls,91,97,160,198,358,546,65.6%,116,107,173,142,315,538,58.6%,131,144,147,147,294,569,51.7%,172,142,171,106,277,591,46.9%,150,167,163,143,306,623,49.1%,159,163,155,135,290,612,47.4%,819,820,969,871,1840,3479,52.9%,
0225,Northwest Allen County Schools,102,103,232,155,387,592,65.4%,130,167,237,120,357,654,54.6%,148,221,174,107,281,650,43.2%,190,203,183,109,292,685,42.6%,169,237,181,79,260,666,39.0%,192,228,141,90,231,651,35.5%,931,1159,1148,660,1808,3898,46.4%,
0235,Fort Wayne Community Schools,964,385,490,294,784,2133,36.8%,1001,433,440,230,670,2104,31.8%,1055,426,305,238,543,2024,26.8%,1075,417,294,169,463,1955,23.7%,1247,445,201,151,352,2044,17.2%,1284,416,177,119,296,1996,14.8%,6626,2522,1907,1201,3108,12256,25.4%,
0255,East Allen County Schools,225,125,180,147,327,677,48.3%,295,167,198,95,293,755,38.8%,306,170,131,95,226,702,32.2%,318,137,133,122,255,710,35.9%,321,209,128,93,221,751,29.4%,366,187,119,95,214,767,27.9%,1831,995,889,647,1536,4362,35.2%,
0365,Bartholomew Con School Corp,241,166,224,213,437,844,51.8%,312,144,213,181,394,850,46.4%,286,190,167,183,350,826,42.4%,352,174,150,169,319,845,37.8%,385,167,156,132,288,840,34.3%,394,203,118,141,259,856,30.3%,1970,1044,1028,1019,2047,5061,40.4%,
0370,Flat Rock-Hawcreek School Corp,15,6,20,15,35,56,62.5%,19,17,24,19,43,79,54.4%,15,27,25,17,42,84,50.0%,23,18,19,16,35,76,46.1%,32,22,16,6,22,76,28.9%,29,20,11,8,19,68,27.9%,133,110,115,81,196,439,44.6%,
0395,Benton Community School Corp,32,20,32,17,49,101,48.5%,40,23,31,12,43,106,40.6%,28,29,25,20,45,102,44.1%,45,30,35,16,51,126,40.5%,65,28,26,19,45,138,32.6%,68,34,17,5,22,124,17.7%,278,164,166,89,255,697,36.6%,
0515,Blackford County Schools,26,17,40,27,67,110,60.9%,30,25,25,9,34,89,38.2%,50,23,24,19,43,116,37.1%,48,18,17,16,33,99,33.3%,25,29,33,14,47,101,46.5%,17,42,27,24,51,110,46.4%,196,154,166,109,275,625,44.0%,
0615,Western Boone Co Com Sch Dist,22,20,32,48,80,122,65.6%,11,20,38,35,73,104,70.2%,16,28,33,43,76,120,63.3%,24,30,29,29,58,112,51.8%,17,20,46,31,77,114,67.5%,34,52,38,18,56,142,39.4%,124,170,216,204,420,714,58.8%,
0630,Zionsville Community Schools,36,64,170,333,503,603,83.4%,60,68,212,288,500,628,79.6%,86,153,168,200,368,607,60.6%,95,140,178,198,376,611,61.5%,63,154,161,218,379,596,63.6%,88,136,151,181,332,556,59.7%,428,715,1040,1418,2458,3601,68.3%,
0665,Lebanon Community School Corp,81,57,76,61,137,275,49.8%,82,51,99,39,138,271,50.9%,92,82,58,33,91,265,34.3%,104,78,55,56,111,293,37.9%,75,78,57,47,104,257,40.5%,115,63,49,41,90,268,33.6%,549,409,394,277,671,1629,41.2%,
0670,Brown County School Corporation,23,28,33,29,62,113,54.9%,20,26,35,26,61,107,57.0%,36,32,30,17,47,115,40.9%,55,30,39,9,48,133,36.1%,54,44,30,10,40,138,29.0%,59,27,13,10,23,109,21.1%,247,187,180,101,281,715,39.3%,
0750,Carroll Consolidated School Corp,18,13,24,17,41,72,56.9%,17,18,30,18,48,83,57.8%,22,25,28,12,40,87,46.0%,13,19,18,11,29,61,47.5%,19,32,22,12,34,85,40.0%,38,23,16,5,21,82,25.6%,127,130,138,75,213,470,45.3%,
0755,Delphi Community School Corp,44,23,29,7,36,103,35.0%,39,28,25,12,37,104,35.6%,48,19,14,15,29,96,30.2%,32,34,25,7,32,98,32.7%,34,37,14,6,20,91,22.0%,39,32,11,9,20,91,22.0%,236,173,118,56,174,583,29.8%,
0775,Pioneer Regional School Corp,19,16,17,13,30,65,46.2%,35,13,9,3,12,60,20.0%,56,17,5,1,6,79,7.6%,36,24,10,5,15,75,20.0%,9,14,23,12,35,58,60.3%,7,26,24,12,36,69,52.2%,162,110,88,46,134,406,33.0%,
0815,Lewis Cass Schools ,34,29,28,11,39,102,38.2%,18,24,27,11,38,80,47.5%,45,35,25,13,38,118,32.2%,44,27,22,12,34,105,32.4%,63,21,15,9,24,108,22.2%,40,36,16,7,23,99,23.2%,244,172,133,63,196,612,32.0%,
0875,Logansport Community Sch Corp,152,66,84,33,117,335,34.9%,152,75,85,20,105,332,31.6%,206,85,26,13,39,330,11.8%,164,113,42,5,47,324,14.5%,211,70,16,14,30,311,9.6%,201,64,21,17,38,303,12.5%,1086,473,274,102,376,1935,19.4%,
0935,Borden-Henryville School Corporation,34,22,33,21,54,110,49.1%,40,20,47,32,79,139,56.8%,55,45,33,11,44,144,30.6%,40,35,52,21,73,148,49.3%,42,35,22,15,37,114,32.5%,65,45,15,3,18,128,14.1%,276,202,202,103,305,783,39.0%,
0945,Silver Creek School Corporation,66,46,75,61,136,248,54.8%,76,51,71,19,90,217,41.5%,65,66,55,29,84,215,39.1%,56,64,62,46,108,228,47.4%,91,93,63,27,90,274,32.8%,58,74,59,57,116,248,46.8%,412,394,385,239,624,1430,43.6%,
1000,Clarksville Community School Corp,153,50,53,15,68,271,25.1%,188,47,31,14,45,280,16.1%,224,52,18,11,29,305,9.5%,354,46,20,4,24,424,5.7%,333,80,28,10,38,451,8.4%,458,63,26,8,34,555,6.1%,1710,338,176,62,238,2286,10.4%,
1010,Greater Clark County Schools,262,135,216,137,353,750,47.1%,307,148,211,115,326,781,41.7%,309,207,164,107,271,787,34.4%,291,184,155,79,234,709,33.0%,369,216,112,65,177,762,23.2%,375,236,102,76,178,789,22.6%,1913,1126,960,579,1539,4578,33.6%,
1125,Clay Community Schools,50,60,90,103,193,303,63.7%,61,47,117,78,195,303,64.4%,57,53,69,104,173,283,61.1%,87,71,75,56,131,289,45.3%,107,68,85,36,121,296,40.9%,119,87,50,47,97,303,32.0%,481,386,486,424,910,1777,51.2%,
1150,Clinton Central School Corporation,11,12,19,22,41,64,64.1%,20,7,22,13,35,62,56.5%,11,16,19,16,35,62,56.5%,20,11,20,11,31,62,50.0%,27,20,11,6,17,64,26.6%,29,19,4,3,7,55,12.7%,118,85,95,71,166,369,45.0%,
1160,Clinton Prairie School Corporation,26,23,34,17,51,100,51.0%,22,21,30,15,45,88,51.1%,20,24,33,15,48,92,52.2%,21,26,20,27,47,94,50.0%,14,22,25,15,40,76,52.6%,36,31,19,6,25,92,27.2%,139,147,161,95,256,542,47.2%,
1170,Community Schools of Frankfort,71,36,60,52,112,219,51.1%,75,45,61,34,95,215,44.2%,115,63,32,13,45,223,20.2%,99,51,43,9,52,202,25.7%,105,61,45,19,64,230,27.8%,90,51,41,28,69,210,32.9%,555,307,282,155,437,1299,33.6%,
1180,Rossville Con School District,15,14,31,26,57,86,66.3%,14,18,25,22,47,79,59.5%,27,22,19,12,31,80,38.8%,27,16,18,6,24,67,35.8%,13,15,18,13,31,59,52.5%,35,26,15,7,22,83,26.5%,131,111,126,86,212,454,46.7%,
1300,Crawford County Community Sch Corp,20,22,34,16,50,92,54.3%,29,18,18,25,43,90,47.8%,24,17,26,21,47,88,53.4%,17,35,24,20,44,96,45.8%,33,22,16,10,26,81,32.1%,16,24,26,27,53,93,57.0%,139,138,144,119,263,540,48.7%,
1315,Barr-Reeve Community Schools Inc,7,6,39,29,68,81,84.0%,13,16,32,39,71,100,71.0%,16,21,30,29,59,96,61.5%,2,14,31,21,52,68,76.5%,17,24,21,16,37,78,47.4%,4,14,22,33,55,73,75.3%,59,95,175,167,342,496,69.0%,
1375,North Daviess Com Schools,18,19,28,22,50,87,57.5%,37,24,19,4,23,84,27.4%,29,23,14,5,19,71,26.8%,26,17,17,18,35,78,44.9%,46,24,12,9,21,91,23.1%,50,24,7,7,14,88,15.9%,206,131,97,65,162,499,32.5%,
1405,Washington Community Schools,94,30,34,18,52,176,29.5%,94,27,29,18,47,168,28.0%,106,45,22,7,29,180,16.1%,84,40,25,16,41,165,24.8%,82,50,31,23,54,186,29.0%,94,62,29,17,46,202,22.8%,554,254,170,99,269,1077,25.0%,
1560,Sunman-Dearborn Com Sch Corp,47,56,104,70,174,277,62.8%,53,65,113,49,162,280,57.9%,45,64,71,45,116,225,51.6%,68,77,102,22,124,269,46.1%,70,77,74,68,142,289,49.1%,85,83,36,84,120,288,41.7%,368,422,500,338,838,1628,51.5%,
1600,South Dearborn Community Sch Corp,26,21,48,24,72,119,60.5%,50,32,35,16,51,133,38.3%,28,42,29,27,56,126,44.4%,45,45,32,22,54,144,37.5%,55,50,24,24,48,153,31.4%,72,40,19,11,30,142,21.1%,276,230,187,124,311,817,38.1%,
1620,Lawrenceburg Community School Corp,21,25,58,34,92,138,66.7%,29,27,50,21,71,127,55.9%,41,36,32,28,60,137,43.8%,72,49,17,14,31,152,20.4%,47,50,22,21,43,140,30.7%,59,59,30,11,41,159,25.8%,269,246,209,129,338,853,39.6%,
1655,Decatur County Community Schools,22,23,43,45,88,133,66.2%,33,31,49,39,88,152,57.9%,18,42,33,26,59,119,49.6%,36,26,36,32,68,130,52.3%,50,34,26,16,42,126,33.3%,43,45,26,17,43,131,32.8%,202,201,213,175,388,791,49.1%,
1730,Greensburg Community Schools,37,22,48,41,89,148,60.1%,43,39,43,37,80,162,49.4%,29,31,42,38,80,140,57.1%,50,45,20,24,44,139,31.7%,56,37,31,13,44,137,32.1%,61,46,22,16,38,145,26.2%,276,220,206,169,375,871,43.1%,
1805,DeKalb Co Eastern Com Sch Dist,32,17,39,9,48,97,49.5%,32,20,25,13,38,90,42.2%,41,20,24,4,28,89,31.5%,47,23,21,11,32,102,31.4%,31,26,26,8,34,91,37.4%,30,42,14,5,19,91,20.9%,213,148,149,50,199,560,35.5%,
1820,Garrett-Keyser-Butler Com Sch Corp,46,41,28,7,35,122,28.7%,37,24,30,12,42,103,40.8%,48,34,19,9,28,110,25.5%,56,35,21,16,37,128,28.9%,54,38,26,12,38,130,29.2%,62,31,30,8,38,131,29.0%,303,203,154,64,218,724,30.1%,
1835,DeKalb Co Ctl United Sch Dist,78,56,76,61,137,271,50.6%,73,59,83,60,143,275,52.0%,67,54,63,43,106,227,46.7%,107,78,51,24,75,260,28.8%,97,80,52,27,79,256,30.9%,96,58,52,35,87,241,36.1%,518,385,377,250,627,1530,41.0%,
1875,Delaware Community School Corp,28,33,52,62,114,175,65.1%,31,38,75,57,132,201,65.7%,38,43,58,42,100,181,55.2%,72,37,53,39,92,201,45.8%,75,45,45,26,71,191,37.2%,69,66,46,34,80,215,37.2%,313,262,329,260,589,1164,50.6%,
1885,Wes-Del Community Schools,8,13,31,16,47,68,69.1%,8,10,27,10,37,55,67.3%,29,18,15,7,22,69,31.9%,30,15,15,11,26,71,36.6%,20,25,8,6,14,59,23.7%,35,13,10,9,19,67,28.4%,130,94,106,59,165,389,42.4%,
1895,Liberty-Perry Community Sch Corp,15,14,32,23,55,84,65.5%,9,12,48,28,76,97,78.4%,20,24,34,20,54,98,55.1%,13,21,29,27,56,90,62.2%,16,15,25,31,56,87,64.4%,27,21,22,21,43,91,47.3%,100,107,190,150,340,547,62.2%,
1900,Cowan Community School Corp,19,7,23,10,33,59,55.9%,13,16,22,8,30,59,50.8%,23,14,23,12,35,72,48.6%,9,19,21,16,37,65,56.9%,17,23,15,3,18,58,31.0%,26,24,7,4,11,61,18.0%,107,103,111,53,164,374,43.9%,
1910,Yorktown Community Schools,34,37,57,82,139,210,66.2%,60,50,70,39,109,219,49.8%,50,63,61,47,108,221,48.9%,68,48,61,57,118,234,50.4%,59,54,51,50,101,214,47.2%,96,62,40,48,88,246,35.8%,367,314,340,323,663,1344,49.3%,
1940,Daleville Community Schools,20,16,27,17,44,80,55.0%,18,22,22,11,33,73,45.2%,27,18,19,16,35,80,43.8%,21,23,23,14,37,81,45.7%,39,16,18,9,27,82,32.9%,42,15,10,7,17,74,23.0%,167,110,119,74,193,470,41.1%,
1970,Muncie Community Schools,203,68,62,50,112,383,29.2%,171,70,77,59,136,377,36.1%,220,91,53,41,94,405,23.2%,230,51,37,30,67,348,19.3%,237,53,29,21,50,340,14.7%,268,54,16,7,23,345,6.7%,1329,387,274,208,482,2198,21.9%,
2040,Northeast Dubois Co Sch Corp,6,3,18,23,41,50,82.0%,9,10,17,17,34,53,64.2%,15,16,18,19,37,68,54.4%,7,10,16,22,38,55,69.1%,8,13,23,20,43,64,67.2%,16,19,14,4,18,53,34.0%,61,71,106,105,211,343,61.5%,
2100,Southeast Dubois Co Sch Corp,17,21,25,30,55,93,59.1%,6,11,28,37,65,82,79.3%,11,17,35,39,74,102,72.5%,7,23,28,45,73,103,70.9%,16,15,36,19,55,86,64.0%,19,27,23,10,33,79,41.8%,76,114,175,180,355,545,65.1%,
2110,Southwest Dubois Co Sch Corp,31,35,60,42,102,168,60.7%,47,36,53,27,80,163,49.1%,36,38,34,30,64,138,46.4%,25,30,31,45,76,131,58.0%,53,33,18,22,40,126,31.7%,32,44,25,36,61,137,44.5%,224,216,221,202,423,863,49.0%,
2120,Greater Jasper Consolidated Schs,43,45,83,110,193,281,68.7%,34,33,89,73,162,229,70.7%,48,58,78,58,136,242,56.2%,67,59,49,71,120,246,48.8%,52,41,51,55,106,199,53.3%,78,67,42,59,101,246,41.1%,322,303,392,426,818,1443,56.7%,
2155,Fairfield Community Schools,14,22,52,84,136,172,79.1%,31,37,72,47,119,187,63.6%,30,48,45,61,106,184,57.6%,40,41,43,44,87,168,51.8%,48,55,35,39,74,177,41.8%,67,52,28,30,58,177,32.8%,230,255,275,305,580,1065,54.5%,
2260,Baugo Community Schools,8,5,26,87,113,126,89.7%,19,13,47,73,120,152,78.9%,19,26,37,44,81,126,64.3%,26,35,40,66,106,167,63.5%,21,30,44,40,84,135,62.2%,44,43,38,22,60,147,40.8%,137,152,232,332,564,853,66.1%,
2270,Concord Community Schools,131,58,104,76,180,369,48.8%,167,86,103,48,151,404,37.4%,131,94,77,36,113,338,33.4%,172,92,89,53,142,406,35.0%,211,121,56,40,96,428,22.4%,253,91,44,33,77,421,18.3%,1065,542,473,286,759,2366,32.1%,
2275,Middlebury Community Schools,40,44,91,124,215,299,71.9%,77,61,97,43,140,278,50.4%,103,112,91,38,129,344,37.5%,68,68,97,71,168,304,55.3%,82,82,78,61,139,303,45.9%,48,55,86,129,215,318,67.6%,418,422,540,466,1006,1846,54.5%,
2285,Wa-Nee Community Schools,29,41,58,95,153,223,68.6%,43,40,86,53,139,222,62.6%,39,37,49,93,142,218,65.1%,25,26,46,105,151,202,74.8%,55,45,48,73,121,221,54.8%,41,45,60,83,143,229,62.4%,232,234,347,502,849,1315,64.6%,
2305,Elkhart Community Schools,449,145,186,59,245,839,29.2%,442,174,153,56,209,825,25.3%,415,171,124,75,199,785,25.4%,469,159,126,52,178,806,22.1%,463,176,84,37,121,760,15.9%,496,133,52,66,118,747,15.8%,2734,958,725,345,1070,4762,22.5%,
2315,Goshen Community Schools,144,88,105,82,187,419,44.6%,168,80,110,71,181,429,42.2%,222,105,66,71,137,464,29.5%,243,91,77,55,132,466,28.3%,201,94,76,76,152,447,34.0%,198,127,77,75,152,477,31.9%,1176,585,511,430,941,2702,34.8%,
2395,Fayette County School Corporation,79,58,53,21,74,211,35.1%,73,57,69,26,95,225,42.2%,56,61,47,35,82,199,41.2%,85,56,47,27,74,215,34.4%,111,57,39,7,46,214,21.5%,116,65,39,9,48,229,21.0%,520,354,294,125,419,1293,32.4%,
2400,New Albany-Floyd Co Con Sch,121,109,275,292,567,797,71.1%,178,134,327,244,571,883,64.7%,246,187,207,142,349,782,44.6%,252,217,213,154,367,836,43.9%,249,228,211,171,382,859,44.5%,341,232,166,127,293,866,33.8%,1387,1107,1399,1130,2529,5023,50.3%,
2435,Attica Consolidated School Corp,8,4,11,10,21,33,63.6%,18,5,12,2,14,37,37.8%,13,11,12,9,21,45,46.7%,18,12,1,5,6,36,16.7%,26,7,10,1,11,44,25.0%,15,15,3,2,5,35,14.3%,98,54,49,29,78,230,33.9%,
2440,Covington Community School Corp,14,15,22,11,33,62,53.2%,17,14,26,22,48,79,60.8%,12,11,17,12,29,52,55.8%,15,12,17,26,43,70,61.4%,17,20,10,6,16,53,30.2%,10,27,14,16,30,67,44.8%,85,99,106,93,199,383,52.0%,
2455,Southeast Fountain School Corp,23,15,29,17,46,84,54.8%,26,19,22,10,32,77,41.6%,27,32,11,14,25,84,29.8%,26,17,11,5,16,59,27.1%,53,19,14,5,19,91,20.9%,35,23,8,5,13,71,18.3%,190,125,95,56,151,466,32.4%,
2475,Franklin County Community Sch Corp,28,28,35,31,66,122,54.1%,37,35,42,13,55,127,43.3%,41,42,39,23,62,145,42.8%,65,35,38,13,51,151,33.8%,52,54,30,15,45,151,29.8%,55,38,21,8,29,122,23.8%,278,232,205,103,308,818,37.7%,
2645,Rochester Community School Corp,45,31,33,18,51,127,40.2%,41,36,30,16,46,123,37.4%,36,37,27,9,36,109,33.0%,45,34,17,8,25,104,24.0%,47,38,22,5,27,112,24.1%,63,25,11,1,12,100,12.0%,277,201,140,57,197,675,29.2%,
2650,Caston School Corporation,34,12,12,8,20,66,30.3%,20,13,22,10,32,65,49.2%,18,12,24,16,40,70,57.1%,13,13,16,11,27,53,50.9%,25,19,11,8,19,63,30.2%,35,22,12,6,18,75,24.0%,145,91,97,59,156,392,39.8%,
2725,East Gibson School Corporation,20,14,18,7,25,59,42.4%,14,9,12,6,18,41,43.9%,12,9,14,14,28,49,57.1%,20,10,16,13,29,59,49.2%,28,15,3,1,4,47,8.5%,37,12,8,3,11,60,18.3%,131,69,71,44,115,315,36.5%,
2735,North Gibson School Corporation,39,30,38,16,54,123,43.9%,48,34,48,13,61,143,42.7%,73,42,23,8,31,146,21.2%,63,39,22,10,32,134,23.9%,73,36,24,5,29,138,21.0%,71,30,15,13,28,129,21.7%,367,211,170,65,235,813,28.9%,
2765,South Gibson School Corporation,21,19,47,33,80,120,66.7%,25,29,45,31,76,130,58.5%,31,39,48,23,71,141,50.4%,40,50,71,26,97,187,51.9%,34,31,47,61,108,173,62.4%,33,29,39,54,93,155,60.0%,184,197,297,228,525,906,57.9%,
2815,Eastbrook Community Sch Corp,19,20,35,30,65,104,62.5%,34,26,36,17,53,113,46.9%,31,30,25,19,44,105,41.9%,38,27,32,24,56,121,46.3%,25,33,27,23,50,108,46.3%,36,42,30,24,54,132,40.9%,183,178,185,137,322,683,47.1%,
2825,Madison-Grant United School Corp,56,22,11,12,23,101,22.8%,75,13,16,16,32,120,26.7%,101,28,15,5,20,149,13.4%,91,34,20,5,25,150,16.7%,128,36,17,10,27,191,14.1%,182,36,8,8,16,234,6.8%,633,169,87,56,143,945,15.1%,
2855,Mississinewa Community School Corp,53,27,32,28,60,140,42.9%,62,34,48,46,94,190,49.5%,61,38,21,30,51,150,34.0%,76,30,33,18,51,157,32.5%,80,48,33,18,51,179,28.5%,82,33,28,17,45,160,28.1%,414,210,195,157,352,976,36.1%,
2865,Marion Community Schools,130,47,49,12,61,238,25.6%,122,37,49,28,77,236,32.6%,152,60,36,18,54,266,20.3%,134,34,28,19,47,215,21.9%,176,47,14,6,20,243,8.2%,164,42,12,13,25,231,10.8%,878,267,188,96,284,1429,19.9%,
2920,Bloomfield School District,24,11,22,12,34,69,49.3%,25,15,17,10,27,67,40.3%,27,25,19,8,27,79,34.2%,28,26,18,8,26,80,32.5%,34,19,7,3,10,63,15.9%,27,10,3,0,3,40,7.5%,165,106,86,41,127,398,31.9%,
2940,Eastern Greene Schools,34,20,20,4,24,78,30.8%,23,16,27,12,39,78,50.0%,37,25,20,6,26,88,29.5%,36,23,14,6,20,79,25.3%,27,23,21,16,37,87,42.5%,37,29,22,17,39,105,37.1%,194,136,124,61,185,515,35.9%,
2950,Linton-Stockton School Corporation,20,11,27,45,72,103,69.9%,14,11,34,36,70,95,73.7%,26,30,23,14,37,93,39.8%,36,23,36,13,49,108,45.4%,29,35,20,11,31,95,32.6%,39,37,17,9,26,102,25.5%,164,147,157,128,285,596,47.8%,
2960,MSD Shakamak Schools,6,10,19,8,27,43,62.8%,13,8,9,10,19,40,47.5%,13,19,16,4,20,52,38.5%,13,16,16,3,19,48,39.6%,16,14,10,2,12,42,28.6%,25,16,5,2,7,48,14.6%,86,83,75,29,104,273,38.1%,
2980,White River Valley School District,23,13,25,5,30,66,45.5%,9,8,19,12,31,48,64.6%,12,11,15,8,23,46,50.0%,7,8,8,14,22,37,59.5%,21,13,13,9,22,56,39.3%,10,20,6,11,17,47,36.2%,82,73,86,59,145,300,48.3%,
3005,Hamilton Southeastern Schools,169,210,483,653,1136,1515,75.0%,232,251,567,535,1102,1585,69.5%,265,328,479,524,1003,1596,62.8%,254,311,436,569,1005,1570,64.0%,280,364,424,566,990,1634,60.6%,311,424,413,471,884,1619,54.6%,1511,1888,2802,3318,6120,9519,64.3%,
3025,Hamilton Heights School Corp,41,32,63,26,89,162,54.9%,46,49,50,32,82,177,46.3%,57,44,44,36,80,181,44.2%,43,30,31,27,58,131,44.3%,52,66,47,38,85,203,41.9%,42,59,43,43,86,187,46.0%,281,280,278,202,480,1041,46.1%,
3030,Westfield-Washington Schools,80,100,211,397,608,788,77.2%,108,117,284,303,587,812,72.3%,136,151,186,228,414,701,59.1%,156,143,206,268,474,773,61.3%,134,142,206,246,452,728,62.1%,107,168,168,288,456,731,62.4%,721,821,1261,1730,2991,4533,66.0%,
3055,Sheridan Community Schools,31,12,27,21,48,91,52.7%,24,23,27,11,38,85,44.7%,22,26,19,9,28,76,36.8%,37,30,20,15,35,102,34.3%,28,27,18,17,35,90,38.9%,33,25,13,6,19,77,24.7%,175,143,124,79,203,521,39.0%,
3060,Carmel Clay Schools,138,124,342,588,930,1192,78.0%,111,182,385,563,948,1241,76.4%,147,200,318,520,838,1185,70.7%,203,228,351,528,879,1310,67.1%,165,223,324,554,878,1266,69.4%,206,248,287,539,826,1280,64.5%,970,1205,2007,3292,5299,7474,70.9%,
3070,Noblesville Schools,152,116,264,251,515,783,65.8%,162,155,323,200,523,840,62.3%,181,201,248,176,424,806,52.6%,243,208,179,142,321,772,41.6%,148,212,229,202,431,791,54.5%,205,231,194,222,416,852,48.8%,1091,1123,1437,1193,2630,4844,54.3%,
3115,New Palestine Community Schools,41,49,93,98,191,281,68.0%,67,61,111,74,185,313,59.1%,52,58,86,66,152,262,58.0%,73,61,86,87,173,307,56.4%,64,67,69,95,164,295,55.6%,79,76,57,102,159,314,50.6%,376,372,502,522,1024,1772,57.8%,
3125,Greenfield-Central Com Schools,81,53,77,97,174,308,56.5%,59,53,99,77,176,288,61.1%,73,79,81,71,152,304,50.0%,120,69,66,63,129,318,40.6%,129,102,58,47,105,336,31.3%,149,74,51,48,99,322,30.7%,611,430,432,403,835,1876,44.5%,
3135,Mt Vernon Community School Corp,55,69,112,95,207,331,62.5%,95,84,136,87,223,402,55.5%,74,116,87,80,167,357,46.8%,81,87,104,79,183,351,52.1%,135,132,65,51,116,383,30.3%,114,107,78,69,147,368,39.9%,554,595,582,461,1043,2192,47.6%,
3145,Eastern Hancock Co Com Sch Corp,13,11,26,38,64,88,72.7%,11,21,32,23,55,87,63.2%,18,17,25,27,52,87,59.8%,27,33,29,12,41,101,40.6%,32,30,24,7,31,93,33.3%,15,31,19,29,48,94,51.1%,116,143,155,136,291,550,52.9%,
3160,Lanesville Community School Corp,10,9,29,22,51,70,72.9%,12,19,15,6,21,52,40.4%,14,17,12,13,25,56,44.6%,19,17,15,14,29,65,44.6%,6,7,11,15,26,39,66.7%,12,10,12,12,24,46,52.2%,73,79,94,82,176,328,53.7%,
3180,North Harrison Com School Corp,28,29,77,27,104,161,64.6%,40,30,55,25,80,150,53.3%,28,38,35,49,84,150,56.0%,48,44,40,29,69,161,42.9%,29,51,31,22,53,133,39.8%,34,39,34,35,69,142,48.6%,207,231,272,187,459,897,51.2%,
3190,South Harrison Com Schools,54,35,100,57,157,246,63.8%,59,49,79,32,111,219,50.7%,58,58,56,52,108,224,48.2%,51,59,55,43,98,208,47.1%,73,67,41,46,87,227,38.3%,60,60,44,48,92,212,43.4%,355,328,375,278,653,1336,48.9%,
3295,North West Hendricks Schools,13,19,52,56,108,140,77.1%,13,21,44,65,109,143,76.2%,11,25,52,45,97,133,72.9%,33,35,42,42,84,152,55.3%,43,43,23,25,48,134,35.8%,30,37,40,44,84,151,55.6%,143,180,253,277,530,853,62.1%,
3305,Brownsburg Community School Corp,52,71,193,390,583,706,82.6%,93,103,288,338,626,822,76.2%,92,143,218,336,554,789,70.2%,93,106,238,348,586,785,74.6%,83,151,242,355,597,831,71.8%,110,156,215,313,528,794,66.5%,523,730,1394,2080,3474,4727,73.5%,
3315,Avon Community School Corp,141,121,235,266,501,763,65.7%,155,118,272,263,535,808,66.2%,196,179,176,190,366,741,49.4%,258,184,222,156,378,820,46.1%,192,233,224,226,450,875,51.4%,158,144,161,366,527,829,63.6%,1100,979,1290,1467,2757,4836,57.0%,
3325,Danville Community School Corp,36,44,77,59,136,216,63.0%,39,43,61,54,115,197,58.4%,47,55,71,41,112,214,52.3%,49,45,55,38,93,187,49.7%,41,71,65,48,113,225,50.2%,35,63,51,52,103,201,51.2%,247,321,380,292,672,1240,54.2%,
3330,Plainfield Community School Corp,61,70,126,150,276,407,67.8%,81,69,149,96,245,395,62.0%,121,88,105,124,229,438,52.3%,58,70,124,209,333,461,72.2%,92,99,106,146,252,443,56.9%,114,119,136,87,223,456,48.9%,527,515,746,812,1558,2600,59.9%,
3335,Mill Creek Community Sch Corp,27,18,32,26,58,103,56.3%,15,17,38,30,68,100,68.0%,12,10,40,36,76,98,77.6%,29,40,31,17,48,117,41.0%,17,43,31,18,49,109,45.0%,48,27,19,18,37,112,33.0%,148,155,191,145,336,639,52.6%,
3405,Blue River Valley Schools,13,6,18,2,20,39,51.3%,3,7,16,15,31,41,75.6%,9,13,7,4,11,33,33.3%,23,6,5,1,6,35,17.1%,22,13,3,3,6,41,14.6%,29,9,2,4,6,44,13.6%,99,54,51,29,80,233,34.3%,
3415,South Henry School Corp,16,8,15,10,25,49,51.0%,19,13,17,8,25,57,43.9%,21,17,14,9,23,61,37.7%,40,13,13,8,21,74,28.4%,35,18,5,2,7,60,11.7%,33,21,4,2,6,60,10.0%,164,90,68,39,107,361,29.6%,
3435,Shenandoah School Corporation,7,12,38,33,71,90,78.9%,12,10,37,35,72,94,76.6%,19,26,29,30,59,104,56.7%,20,22,39,21,60,102,58.8%,36,26,19,12,31,93,33.3%,23,34,25,19,44,101,43.6%,117,130,187,150,337,584,57.7%,
3445,New Castle Community School Corp,62,47,53,49,102,211,48.3%,82,43,54,26,80,205,39.0%,72,56,47,28,75,203,36.9%,91,51,32,17,49,191,25.7%,103,49,26,25,51,203,25.1%,133,40,15,28,43,216,19.9%,543,286,227,173,400,1229,32.5%,
3455,C A Beard Memorial School Corp,19,21,29,16,45,85,52.9%,15,15,35,22,57,87,65.5%,16,22,21,12,33,71,46.5%,28,13,13,11,24,65,36.9%,31,20,6,10,16,67,23.9%,41,22,13,4,17,80,21.3%,150,113,117,75,192,455,42.2%,
3460,Taylor Community School Corp,38,12,16,6,22,72,30.6%,33,17,24,5,29,79,36.7%,61,18,9,3,12,91,13.2%,68,12,6,2,8,88,9.1%,60,21,10,2,12,93,12.9%,54,19,3,5,8,81,9.9%,314,99,68,23,91,504,18.1%,
3470,Northwestern School Corp,26,36,50,12,62,124,50.0%,26,34,50,25,75,135,55.6%,36,26,38,30,68,130,52.3%,41,40,45,36,81,162,50.0%,32,59,37,32,69,160,43.1%,31,42,34,23,57,130,43.8%,192,237,254,158,412,841,49.0%,
3480,Eastern Howard School Corporation,20,24,49,25,74,118,62.7%,32,24,46,14,60,116,51.7%,38,32,37,16,53,123,43.1%,31,27,27,37,64,122,52.5%,32,38,44,12,56,126,44.4%,62,32,17,11,28,122,23.0%,215,177,220,115,335,727,46.1%,
3490,Western School Corporation,45,38,62,42,104,187,55.6%,45,39,65,43,108,192,56.3%,58,53,34,48,82,193,42.5%,50,51,54,40,94,195,48.2%,58,45,37,42,79,182,43.4%,51,51,41,49,90,192,46.9%,307,277,293,264,557,1141,48.8%,
3500,Kokomo School Corporation,154,85,98,41,139,378,36.8%,147,71,89,29,118,336,35.1%,163,93,71,34,105,361,29.1%,229,62,38,13,51,342,14.9%,196,79,24,25,49,324,15.1%,223,50,27,29,56,329,17.0%,1112,440,347,171,518,2070,25.0%,
3625,Huntington Co Com Sch Corp,92,85,99,86,185,362,51.1%,100,71,124,80,204,375,54.4%,107,82,107,55,162,351,46.2%,151,99,95,36,131,381,34.4%,135,124,62,39,101,360,28.1%,167,87,50,49,99,353,28.0%,752,548,537,345,882,2182,40.4%,
3640,Medora Community School Corp,***,***,***,***,***,7,***,6,3,2,3,5,14,35.7%,4,3,5,1,6,13,46.2%,***,***,***,***,***,8,***,***,***,***,***,***,8,***,6,3,1,1,2,11,18.2%,22,18,13,8,21,61,34.4%,
3675,Seymour Community Schools,200,75,80,60,140,415,33.7%,202,79,102,55,157,438,35.8%,218,93,70,52,122,433,28.2%,179,81,71,54,125,385,32.5%,223,76,62,36,98,397,24.7%,220,72,48,35,83,375,22.1%,1242,476,433,292,725,2443,29.7%,
3695,Brownstown Cnt Com Sch Corp,23,16,31,17,48,87,55.2%,54,22,22,6,28,104,26.9%,49,23,12,16,28,100,28.0%,38,33,14,13,27,98,27.6%,40,30,17,8,25,95,26.3%,57,26,13,6,19,102,18.6%,261,150,109,66,175,586,29.9%,
3710,Crothersville Community Schools,25,3,11,2,13,41,31.7%,17,5,6,0,6,28,21.4%,24,9,3,7,10,43,23.3%,16,6,3,2,5,27,18.5%,22,9,3,0,3,34,8.8%,26,1,1,0,1,28,3.6%,130,33,27,11,38,201,18.9%,
3785,Kankakee Valley School Corp,36,29,82,87,169,234,72.2%,55,38,87,54,141,234,60.3%,60,64,64,40,104,228,45.6%,94,70,53,22,75,239,31.4%,97,84,50,19,69,250,27.6%,76,74,47,37,84,234,35.9%,418,359,383,259,642,1419,45.2%,
3815,Rensselaer Central School Corp,25,19,34,28,62,106,58.5%,25,14,28,29,57,96,59.4%,27,12,37,33,70,109,64.2%,32,25,25,36,61,118,51.7%,26,34,26,30,56,116,48.3%,38,17,12,18,30,85,35.3%,173,121,162,174,336,630,53.3%,
3945,Jay School Corporation,41,58,77,70,147,246,59.8%,63,48,64,36,100,211,47.4%,66,69,52,41,93,228,40.8%,59,52,48,46,94,205,45.9%,81,61,66,33,99,241,41.1%,74,47,44,39,83,204,40.7%,384,335,351,265,616,1335,46.1%,
3995,Madison Consolidated Schools,49,35,59,24,83,167,49.7%,70,39,47,33,80,189,42.3%,41,46,42,24,66,153,43.1%,58,42,42,29,71,171,41.5%,53,65,30,19,49,167,29.3%,78,31,36,44,80,189,42.3%,349,258,256,173,429,1036,41.4%,
4000,Southwestern-Jefferson Co Con,23,13,36,19,55,91,60.4%,25,16,19,14,33,74,44.6%,21,29,15,15,30,80,37.5%,65,31,13,6,19,115,16.5%,49,20,13,6,19,88,21.6%,71,13,1,2,3,87,3.4%,254,122,97,62,159,535,29.7%,
4015,Jennings County School Corporation,68,44,80,60,140,252,55.6%,105,78,92,42,134,317,42.3%,110,78,64,27,91,279,32.6%,106,68,60,44,104,278,37.4%,103,96,73,25,98,297,33.0%,153,84,38,39,77,314,24.5%,645,448,407,237,644,1737,37.1%,
4145,Clark-Pleasant Community Sch Corp,131,104,172,108,280,515,54.4%,171,98,164,86,250,519,48.2%,147,150,149,101,250,547,45.7%,185,107,131,113,244,536,45.5%,177,164,108,102,210,551,38.1%,158,148,130,96,226,532,42.5%,969,771,854,606,1460,3200,45.6%,
4205,Center Grove Community School Corp,118,99,220,261,481,698,68.9%,128,122,246,259,505,755,66.9%,135,144,200,243,443,722,61.4%,143,146,223,257,480,769,62.4%,188,203,196,221,417,808,51.6%,176,162,148,254,402,740,54.3%,888,876,1233,1495,2728,4492,60.7%,
4215,Edinburgh Community School Corp,26,8,12,14,26,60,43.3%,32,10,13,4,17,59,28.8%,46,14,5,1,6,66,9.1%,16,24,16,1,17,57,29.8%,23,14,9,4,13,50,26.0%,32,16,10,9,19,67,28.4%,175,86,65,33,98,359,27.3%,
4225,Franklin Community School Corp,106,76,103,80,183,365,50.1%,111,75,112,58,170,356,47.8%,136,101,76,47,123,360,34.2%,123,92,73,69,142,357,39.8%,137,102,74,53,127,366,34.7%,154,82,61,58,119,355,33.5%,767,528,499,365,864,2159,40.0%,
4245,Greenwood Community Sch Corp,55,54,95,73,168,277,60.6%,107,66,102,62,164,337,48.7%,117,74,66,54,120,311,38.6%,111,91,76,51,127,329,38.6%,103,99,63,48,111,313,35.5%,77,70,67,94,161,308,52.3%,570,454,469,382,851,1875,45.4%,
4255,Nineveh-Hensley-Jackson United,44,24,44,40,84,152,55.3%,38,46,53,22,75,159,47.2%,31,34,40,44,84,149,56.4%,51,51,40,20,60,162,37.0%,36,50,34,31,65,151,43.0%,49,70,29,20,49,168,29.2%,249,275,240,177,417,941,44.3%,
4315,North Knox School Corp,19,18,32,19,51,88,58.0%,44,19,25,8,33,96,34.4%,29,35,17,13,30,94,31.9%,45,21,21,10,31,97,32.0%,59,29,24,9,33,121,27.3%,46,21,6,6,12,79,15.2%,242,143,125,65,190,575,33.0%,
4325,South Knox School Corp,11,22,40,24,64,97,66.0%,22,23,44,17,61,106,57.5%,15,31,26,15,41,87,47.1%,51,14,21,7,28,93,30.1%,44,26,17,11,28,98,28.6%,32,23,21,13,34,89,38.2%,175,139,169,87,256,570,44.9%,
4335,Vincennes Community School Corp,52,40,66,39,105,197,53.3%,80,50,59,22,81,211,38.4%,82,43,43,41,84,209,40.2%,94,45,35,28,63,202,31.2%,109,49,29,28,57,215,26.5%,114,41,26,7,33,188,17.6%,531,268,258,165,423,1222,34.6%,
4345,Wawasee Community School Corp,44,32,66,44,110,186,59.1%,56,38,50,49,99,193,51.3%,81,50,29,35,64,195,32.8%,93,51,44,21,65,209,31.1%,91,50,32,23,55,196,28.1%,77,67,27,27,54,198,27.3%,442,288,248,199,447,1177,38.0%,
4415,Warsaw Community Schools,172,94,154,125,279,545,51.2%,159,109,161,86,247,515,48.0%,178,125,129,115,244,547,44.6%,142,97,122,118,240,479,50.1%,150,127,103,117,220,497,44.3%,196,122,86,95,181,499,36.3%,997,674,755,656,1411,3082,45.8%,
4445,Tippecanoe Valley School Corp,37,31,34,27,61,129,47.3%,27,30,42,24,66,123,53.7%,43,38,31,23,54,135,40.0%,66,45,25,8,33,144,22.9%,61,45,23,12,35,141,24.8%,45,35,32,31,63,143,44.1%,279,224,187,125,312,815,38.3%,
4455,Whitko Community School Corp,33,18,34,12,46,97,47.4%,36,27,18,7,25,88,28.4%,41,24,12,11,23,88,26.1%,45,23,14,8,22,90,24.4%,48,19,13,4,17,84,20.2%,39,23,11,3,14,76,18.4%,242,134,102,45,147,523,28.1%,
4515,Prairie Heights Community Sch Corp,31,24,39,32,71,126,56.3%,28,17,29,18,47,92,51.1%,38,32,18,12,30,100,30.0%,50,24,5,3,8,82,9.8%,41,30,16,7,23,94,24.5%,47,34,20,6,26,107,24.3%,235,161,127,78,205,601,34.1%,
4525,Westview School Corporation,14,30,57,65,122,166,73.5%,20,30,69,66,135,185,73.0%,26,43,46,57,103,172,59.9%,23,32,48,50,98,153,64.1%,36,41,58,36,94,171,55.0%,32,41,40,49,89,162,54.9%,151,217,318,323,641,1009,63.5%,
4535,Lakeland School Corporation,33,19,22,18,40,92,43.5%,58,24,23,10,33,115,28.7%,64,18,11,16,27,109,24.8%,64,23,20,7,27,114,23.7%,50,25,19,9,28,103,27.2%,56,24,21,7,28,108,25.9%,325,133,116,67,183,641,28.5%,
4570,NW Indiana Special Education Coop,***,***,***,***,***,2,***,***,***,***,***,***,5,***,***,***,***,***,***,1,***,***,***,***,***,***,1,***,***,***,***,***,***,6,***,***,***,***,***,***,2,***,17,0,0,0,0,17,0.0%,
4580,Hanover Community School Corp,26,31,71,85,156,213,73.2%,39,38,84,50,134,211,63.5%,30,55,64,59,123,208,59.1%,46,52,66,58,124,222,55.9%,54,53,56,47,103,210,49.0%,86,71,36,36,72,229,31.4%,281,300,377,335,712,1293,55.1%,
4590,River Forest Community Sch Corp,70,28,18,7,25,123,20.3%,62,24,15,4,19,105,18.1%,37,26,27,14,41,104,39.4%,73,26,10,2,12,111,10.8%,81,28,10,2,12,121,9.9%,94,22,5,3,8,124,6.5%,417,154,85,32,117,688,17.0%,
4600,Merrillville Community School Corp,148,94,108,44,152,394,38.6%,175,83,116,59,175,433,40.4%,158,83,69,41,110,351,31.3%,221,78,56,52,108,407,26.5%,268,112,37,10,47,427,11.0%,279,110,45,21,66,455,14.5%,1249,560,431,227,658,2467,26.7%,
4615,Lake Central School Corporation,74,115,203,203,406,595,68.2%,129,128,257,202,459,716,64.1%,138,180,178,183,361,679,53.2%,138,199,171,101,272,609,44.7%,219,241,149,106,255,715,35.7%,227,237,172,91,263,727,36.2%,925,1100,1130,886,2016,4041,49.9%,
4645,Tri-Creek School Corporation,38,30,95,88,183,251,72.9%,31,47,96,73,169,247,68.4%,24,34,79,86,165,223,74.0%,64,68,48,52,100,232,43.1%,88,51,57,56,113,252,44.8%,107,53,48,25,73,233,31.3%,352,283,423,380,803,1438,55.8%,
4650,Lake Ridge New Tech Schools,61,10,7,1,8,79,10.1%,78,7,9,1,10,95,10.5%,71,14,8,1,9,94,9.6%,84,17,2,1,3,104,2.9%,88,13,4,1,5,106,4.7%,99,16,1,1,2,117,1.7%,481,77,31,6,37,595,6.2%,
4660,Crown Point Community School Corp,75,102,226,253,479,656,73.0%,87,119,241,175,416,622,66.9%,92,172,215,197,412,676,60.9%,149,176,208,164,372,697,53.4%,140,200,174,158,332,672,49.4%,188,202,189,150,339,729,46.5%,731,971,1253,1097,2350,4052,58.0%,
4670,School City of East Chicago,135,47,33,8,41,223,18.4%,134,40,32,4,36,210,17.1%,144,46,35,5,40,230,17.4%,137,44,24,10,34,215,15.8%,175,37,6,1,7,219,3.2%,189,21,4,4,8,218,3.7%,914,235,134,32,166,1315,12.6%,
4680,Lake Station Community Schools,30,24,18,10,28,82,34.1%,39,19,12,3,15,73,20.5%,39,34,16,4,20,93,21.5%,40,16,5,1,6,62,9.7%,55,11,4,0,4,70,5.7%,52,13,0,0,0,65,0.0%,255,117,55,18,73,445,16.4%,
4690,Gary Community School Corp,280,53,30,8,38,371,10.2%,346,33,23,4,27,406,6.7%,290,31,9,4,13,334,3.9%,227,18,8,2,10,255,3.9%,189,17,3,0,3,209,1.4%,217,12,1,1,2,231,0.9%,1549,164,74,19,93,1806,5.1%,
4700,Griffith Public Schools,37,38,57,23,80,155,51.6%,48,33,34,16,50,131,38.2%,35,39,47,19,66,140,47.1%,71,35,25,14,39,145,26.9%,59,41,21,9,30,130,23.1%,45,44,33,22,55,144,38.2%,295,230,217,103,320,845,37.9%,
4710,School City of Hammond,467,155,145,41,186,808,23.0%,532,143,122,20,142,817,17.4%,515,159,99,47,146,820,17.8%,508,153,61,15,76,737,10.3%,585,87,26,8,34,706,4.8%,632,65,13,3,16,713,2.2%,3239,762,466,134,600,4601,13.0%,
4720,School Town of Highland,41,47,78,58,136,224,60.7%,71,39,77,51,128,238,53.8%,58,65,61,53,114,237,48.1%,45,61,81,60,141,247,57.1%,83,78,55,43,98,259,37.8%,93,74,32,26,58,225,25.8%,391,364,384,291,675,1430,47.2%,
4730,School City of Hobart,68,70,99,52,151,289,52.2%,88,56,95,80,175,319,54.9%,84,82,67,59,126,292,43.2%,122,56,81,47,128,306,41.8%,127,75,48,35,83,285,29.1%,136,84,40,38,78,298,26.2%,625,423,430,311,741,1789,41.4%,
4740,School Town of Munster,28,31,77,136,213,272,78.3%,25,39,98,110,208,272,76.5%,36,73,87,138,225,334,67.4%,53,57,85,119,204,314,65.0%,45,92,90,90,180,317,56.8%,65,69,48,128,176,310,56.8%,252,361,485,721,1206,1819,66.3%,
4760,School City of Whiting,18,14,21,14,35,67,52.2%,28,11,18,6,24,63,38.1%,25,17,26,6,32,74,43.2%,26,14,21,14,35,75,46.7%,48,23,5,2,7,78,9.0%,68,19,5,6,11,98,11.2%,213,98,96,48,144,455,31.6%,
4805,New Prairie United School Corp,23,34,77,72,149,206,72.3%,24,36,68,75,143,203,70.4%,28,49,68,65,133,210,63.3%,42,52,53,55,108,202,53.5%,42,69,64,51,115,226,50.9%,67,68,38,53,91,226,40.3%,226,308,368,371,739,1273,58.1%,
4860,MSD of New Durham Township,24,25,27,8,35,84,41.7%,17,22,23,14,37,76,48.7%,21,20,16,8,24,65,36.9%,30,21,20,6,26,77,33.8%,23,19,15,9,24,66,36.4%,15,26,14,11,25,66,37.9%,130,133,115,56,171,434,39.4%,
4915,Tri-Township Cons School Corp,10,7,7,3,10,27,37.0%,3,4,10,5,15,22,68.2%,6,9,3,2,5,20,25.0%,6,5,3,0,3,14,21.4%,12,4,2,1,3,19,15.8%,15,5,5,2,7,27,25.9%,52,34,30,13,43,129,33.3%,
4925,Michigan City Area Schools,145,73,98,52,150,368,40.8%,170,93,92,42,134,397,33.8%,201,78,60,50,110,389,28.3%,173,83,60,32,92,348,26.4%,191,68,41,27,68,327,20.8%,222,65,29,9,38,325,11.7%,1102,460,380,212,592,2154,27.5%,
4940,South Central Com School Corp,13,19,18,30,48,80,60.0%,9,8,19,27,46,63,73.0%,15,18,21,24,45,78,57.7%,13,20,17,17,34,67,50.7%,24,25,16,14,30,79,38.0%,24,32,8,3,11,67,16.4%,98,122,99,115,214,434,49.3%,
4945,La Porte Community School Corp,96,77,130,109,239,412,58.0%,97,98,166,73,239,434,55.1%,124,91,98,89,187,402,46.5%,172,116,100,57,157,445,35.3%,146,119,92,63,155,420,36.9%,174,108,97,60,157,439,35.8%,809,609,683,451,1134,2552,44.4%,
5075,North Lawrence Com Schools,75,62,64,43,107,244,43.9%,79,49,68,42,110,238,46.2%,66,61,56,33,89,216,41.2%,94,71,51,37,88,253,34.8%,110,73,42,20,62,245,25.3%,120,68,44,27,71,259,27.4%,544,384,325,202,527,1455,36.2%,
5085,Mitchell Community Schools,25,14,33,23,56,95,58.9%,28,20,36,16,52,100,52.0%,61,36,21,7,28,125,22.4%,71,31,9,4,13,115,11.3%,46,30,8,8,16,92,17.4%,74,26,12,2,14,114,12.3%,305,157,119,60,179,641,27.9%,
5245,Frankton-Lapel Community Schools,51,41,65,41,106,198,53.5%,54,54,72,32,104,212,49.1%,64,62,47,39,86,212,40.6%,73,78,53,18,71,222,32.0%,111,65,40,29,69,245,28.2%,99,58,36,35,71,228,31.1%,452,358,313,194,507,1317,38.5%,
5255,South Madison Com Sch Corp,48,62,106,111,217,327,66.4%,69,76,129,100,229,374,61.2%,69,75,85,81,166,310,53.5%,77,86,98,88,186,349,53.3%,102,94,90,60,150,346,43.4%,109,113,68,56,124,346,35.8%,474,506,576,496,1072,2052,52.2%,
5265,Alexandria Community School Corp,35,18,21,23,44,97,45.4%,34,24,22,20,42,100,42.0%,39,28,20,13,33,100,33.0%,23,23,16,24,40,86,46.5%,46,28,17,9,26,100,26.0%,46,36,17,10,27,109,24.8%,223,157,113,99,212,592,35.8%,
5275,Anderson Community School Corp,209,110,82,43,125,444,28.2%,242,90,79,26,105,437,24.0%,314,98,36,18,54,466,11.6%,309,71,27,26,53,433,12.2%,290,86,34,23,57,433,13.2%,284,83,42,22,64,431,14.8%,1648,538,300,158,458,2644,17.3%,
5280,Elwood Community School Corp,41,25,22,14,36,102,35.3%,66,21,15,10,25,112,22.3%,46,26,12,4,16,88,18.2%,66,16,23,9,32,114,28.1%,73,16,7,4,11,100,11.0%,86,25,10,4,14,125,11.2%,378,129,89,45,134,641,20.9%,
5300,MSD Decatur Township,235,112,122,39,161,508,31.7%,251,116,103,33,136,503,27.0%,249,109,77,34,111,469,23.7%,234,134,98,45,143,511,28.0%,290,115,44,27,71,476,14.9%,332,93,33,13,46,471,9.8%,1591,679,477,191,668,2938,22.7%,
5310,Franklin Township Com Sch Corp,187,149,285,285,570,906,62.9%,260,167,227,201,428,855,50.1%,275,188,198,203,401,864,46.4%,376,184,194,155,349,909,38.4%,288,215,169,134,303,806,37.6%,311,214,148,136,284,809,35.1%,1697,1117,1221,1114,2335,5149,45.3%,
5330,MSD Lawrence Township,581,215,242,168,410,1206,34.0%,615,214,250,129,379,1208,31.4%,557,245,167,148,315,1117,28.2%,659,259,185,121,306,1224,25.0%,699,281,101,65,166,1146,14.5%,883,205,58,67,125,1213,10.3%,3994,1419,1003,698,1701,7114,23.9%,
5340,Perry Township Schools,430,227,319,212,531,1188,44.7%,524,234,331,189,520,1278,40.7%,457,255,291,234,525,1237,42.4%,557,302,287,148,435,1294,33.6%,583,277,188,181,369,1229,30.0%,542,261,216,191,407,1210,33.6%,3093,1556,1632,1155,2787,7436,37.5%,
5350,MSD Pike Township,349,149,176,73,249,747,33.3%,462,173,140,54,194,829,23.4%,369,170,95,48,143,682,21.0%,549,140,63,33,96,785,12.2%,571,126,41,25,66,763,8.7%,627,106,40,29,69,802,8.6%,2927,864,555,262,817,4608,17.7%,
5360,MSD Warren Township,460,159,136,53,189,808,23.4%,524,149,140,37,177,850,20.8%,518,145,67,39,106,769,13.8%,577,136,60,34,94,807,11.6%,599,153,43,17,60,812,7.4%,693,108,29,17,46,847,5.4%,3371,850,475,197,672,4893,13.7%,
5370,MSD Washington Township,256,138,193,171,364,758,48.0%,304,158,200,119,319,781,40.8%,298,172,137,131,268,738,36.3%,412,156,122,124,246,814,30.2%,398,169,113,113,226,793,28.5%,431,196,95,72,167,794,21.0%,2099,989,860,730,1590,4678,34.0%,
5375,MSD Wayne Township,576,241,207,108,315,1132,27.8%,650,236,255,84,339,1225,27.7%,712,213,124,64,188,1113,16.9%,782,193,92,65,157,1132,13.9%,791,213,88,49,137,1141,12.0%,738,251,104,59,163,1152,14.1%,4249,1347,870,429,1299,6895,18.8%,
5380,Beech Grove City Schools,75,36,50,27,77,188,41.0%,83,39,43,17,60,182,33.0%,108,42,15,10,25,175,14.3%,121,54,22,14,36,211,17.1%,114,61,16,20,36,211,17.1%,105,58,37,23,60,223,26.9%,606,290,183,111,294,1190,24.7%,
5385,Indianapolis Public Schools,1028,308,306,194,500,1836,27.2%,1129,281,323,137,460,1870,24.6%,1084,302,194,114,308,1694,18.2%,1144,263,164,88,252,1659,15.2%,933,223,110,91,201,1357,14.8%,1103,230,114,81,195,1528,12.8%,6421,1607,1211,705,1916,9944,19.3%,
5390,Southside Sp Srvs Of Marion Co,***,***,***,***,***,7,***,***,***,***,***,***,4,***,9,0,1,0,1,10,10.0%,15,0,0,0,0,15,0.0%,19,1,0,0,0,20,0.0%,16,1,0,0,0,17,0.0%,70,2,1,0,1,73,1.4%,
5400,School Town of Speedway,10,22,37,44,81,113,71.7%,20,15,37,52,89,124,71.8%,23,17,38,30,68,108,63.0%,39,22,28,29,57,118,48.3%,42,30,34,35,69,141,48.9%,54,35,32,27,59,148,39.9%,188,141,206,217,423,752,56.3%,
5455,Culver Community Schools Corp,14,12,19,14,33,59,55.9%,6,12,17,14,31,49,63.3%,13,25,10,12,22,60,36.7%,30,16,8,7,15,61,24.6%,27,6,6,2,8,41,19.5%,30,12,12,7,19,61,31.1%,120,83,72,56,128,331,38.7%,
5470,Argos Community Schools,31,9,13,2,15,55,27.3%,11,7,17,10,27,45,60.0%,13,14,14,9,23,50,46.0%,21,17,9,10,19,57,33.3%,19,12,10,3,13,44,29.5%,13,10,2,10,12,35,34.3%,108,69,65,44,109,286,38.1%,
5480,Bremen Public Schools,18,16,36,28,64,98,65.3%,38,16,34,18,52,106,49.1%,23,22,27,34,61,106,57.5%,40,33,30,29,59,132,44.7%,38,20,18,26,44,102,43.1%,47,26,22,32,54,127,42.5%,204,133,167,167,334,671,49.8%,
5485,Plymouth Community School Corp,66,42,68,54,122,230,53.0%,82,46,61,44,105,233,45.1%,81,42,54,34,88,211,41.7%,72,54,52,52,104,230,45.2%,108,61,45,30,75,244,30.7%,128,66,40,20,60,254,23.6%,537,311,320,234,554,1402,39.5%,
5495,Triton School Corporation,23,22,19,12,31,76,40.8%,18,14,30,6,36,68,52.9%,17,27,14,15,29,73,39.7%,16,15,16,19,35,66,53.0%,35,18,16,10,26,79,32.9%,30,23,14,12,26,79,32.9%,139,119,109,74,183,441,41.5%,
5520,Shoals Community School Corp,18,7,7,2,9,34,26.5%,20,9,11,11,22,51,43.1%,32,12,11,3,14,58,24.1%,15,12,5,5,10,37,27.0%,20,9,5,1,6,35,17.1%,34,12,4,2,6,52,11.5%,139,61,43,24,67,267,25.1%,
5525,Loogootee Community Sch Corp,13,5,22,23,45,63,71.4%,7,10,16,12,28,45,62.2%,15,20,19,16,35,70,50.0%,13,17,10,17,27,57,47.4%,19,12,11,4,15,46,32.6%,18,15,15,5,20,53,37.7%,85,79,93,77,170,334,50.9%,
5615,Maconaquah School Corp,55,36,41,12,53,144,36.8%,66,45,23,7,30,141,21.3%,44,48,36,10,46,138,33.3%,79,30,14,5,19,128,14.8%,60,39,17,5,22,121,18.2%,55,41,21,5,26,122,21.3%,359,239,152,44,196,794,24.7%,
5620,North Miami Community Schools,5,9,20,14,34,48,70.8%,13,17,24,9,33,63,52.4%,24,11,15,4,19,54,35.2%,18,23,9,0,9,50,18.0%,28,21,7,6,13,62,21.0%,38,22,4,2,6,66,9.1%,126,103,79,35,114,343,33.2%,
5625,Oak Hill United School Corp,24,20,42,25,67,111,60.4%,41,37,32,27,59,137,43.1%,36,26,29,20,49,111,44.1%,28,34,36,25,61,123,49.6%,32,34,19,20,39,105,37.1%,34,38,24,23,47,119,39.5%,195,189,182,140,322,706,45.6%,
5635,Peru Community Schools,40,24,35,26,61,125,48.8%,51,36,42,27,69,156,44.2%,47,41,22,26,48,136,35.3%,62,31,25,20,45,138,32.6%,56,31,24,12,36,123,29.3%,62,30,14,12,26,118,22.0%,318,193,162,123,285,796,35.8%,
5705,Richland-Bean Blossom C S C,38,39,61,76,137,214,64.0%,37,40,65,44,109,186,58.6%,70,51,42,29,71,192,37.0%,52,58,55,40,95,205,46.3%,71,75,41,26,67,213,31.5%,78,73,30,29,59,210,28.1%,346,336,294,244,538,1220,44.1%,
5740,Monroe County Community Sch Corp,177,106,195,247,442,725,61.0%,206,121,231,177,408,735,55.5%,252,142,165,201,366,760,48.2%,244,164,170,189,359,767,46.8%,230,140,171,210,381,751,50.7%,212,168,148,227,375,755,49.7%,1321,841,1080,1251,2331,4493,51.9%,
5835,North Montgomery Com Sch Corp,35,32,37,35,72,139,51.8%,30,22,56,36,92,144,63.9%,23,16,40,44,84,123,68.3%,41,32,40,29,69,142,48.6%,30,43,38,20,58,131,44.3%,53,41,28,24,52,146,35.6%,212,186,239,188,427,825,51.8%,
5845,South Montgomery Com Sch Corp,18,20,50,40,90,128,70.3%,22,19,41,27,68,109,62.4%,22,22,32,53,85,129,65.9%,16,21,36,48,84,121,69.4%,38,25,42,28,70,133,52.6%,24,38,36,29,65,127,51.2%,140,145,237,225,462,747,61.8%,
5855,Crawfordsville Community Schools,39,32,59,43,102,173,59.0%,71,32,56,23,79,182,43.4%,61,46,36,34,70,177,39.5%,101,43,30,27,57,201,28.4%,86,49,36,25,61,196,31.1%,84,47,15,24,39,170,22.9%,442,249,232,176,408,1099,37.1%,
5900,Monroe-Gregg School District,39,31,36,15,51,121,42.1%,44,32,35,7,42,118,35.6%,47,29,29,7,36,112,32.1%,55,20,25,5,30,105,28.6%,51,40,20,7,27,118,22.9%,53,32,16,8,24,109,22.0%,289,184,161,49,210,683,30.7%,
5910,Eminence Community School Corp,7,5,3,0,3,15,20.0%,2,5,11,5,16,23,69.6%,5,4,5,2,7,16,43.8%,10,3,6,2,8,21,38.1%,11,7,0,0,0,18,0.0%,16,7,1,0,1,24,4.2%,51,31,26,9,35,117,29.9%,
5925,MSD Martinsville Schools,88,54,88,66,154,296,52.0%,84,61,88,53,141,286,49.3%,96,77,49,25,74,247,30.0%,87,64,72,42,114,265,43.0%,119,80,51,34,85,284,29.9%,104,77,65,49,114,295,38.6%,578,413,413,269,682,1673,40.8%,
5930,Mooresville Con School Corp,59,72,84,87,171,302,56.6%,66,60,138,52,190,316,60.1%,73,87,60,77,137,297,46.1%,86,75,80,73,153,314,48.7%,139,99,56,43,99,337,29.4%,128,85,46,55,101,314,32.2%,551,478,464,387,851,1880,45.3%,
5945,North Newton School Corp,13,21,30,15,45,79,57.0%,26,15,16,6,22,63,34.9%,36,22,13,11,24,82,29.3%,20,27,15,15,30,77,39.0%,32,23,13,8,21,76,27.6%,43,27,15,5,20,90,22.2%,170,135,102,60,162,467,34.7%,
5995,South Newton School Corp,24,15,27,10,37,76,48.7%,16,18,15,11,26,60,43.3%,10,18,23,14,37,65,56.9%,15,24,8,4,12,51,23.5%,22,24,20,6,26,72,36.1%,28,17,6,4,10,55,18.2%,115,116,99,49,148,379,39.1%,
6055,Central Noble Com School Corp,31,17,31,5,36,84,42.9%,21,23,25,11,36,80,45.0%,18,21,26,12,38,77,49.4%,22,20,20,11,31,73,42.5%,26,20,22,13,35,81,43.2%,33,16,19,14,33,82,40.2%,151,117,143,66,209,477,43.8%,
6060,East Noble School Corporation,103,53,66,44,110,266,41.4%,86,57,52,31,83,226,36.7%,92,65,48,30,78,235,33.2%,87,48,72,41,113,248,45.6%,108,79,36,31,67,254,26.4%,124,64,33,28,61,249,24.5%,600,366,307,205,512,1478,34.6%,
6065,West Noble School Corporation,61,46,46,14,60,167,35.9%,54,46,46,18,64,164,39.0%,54,44,29,19,48,146,32.9%,62,46,37,18,55,163,33.7%,62,51,23,17,40,153,26.1%,33,57,51,41,92,182,50.5%,326,290,232,127,359,975,36.8%,
6080,Rising Sun-Ohio Co Com,19,10,17,7,24,53,45.3%,35,11,18,2,20,66,30.3%,20,17,20,4,24,61,39.3%,34,12,8,1,9,55,16.4%,35,29,6,0,6,70,8.6%,44,10,8,2,10,64,15.6%,187,89,77,16,93,369,25.2%,
6145,Orleans Community Schools,28,16,17,5,22,66,33.3%,37,5,15,5,20,62,32.3%,22,15,11,6,17,54,31.5%,41,13,11,3,14,68,20.6%,39,27,14,1,15,81,18.5%,33,16,5,0,5,54,9.3%,200,92,73,20,93,385,24.2%,
6155,Paoli Community School Corp,28,24,29,24,53,105,50.5%,26,15,26,11,37,78,47.4%,22,25,28,9,37,84,44.0%,37,23,12,8,20,80,25.0%,39,25,17,7,24,88,27.3%,30,25,14,6,20,75,26.7%,182,137,126,65,191,510,37.5%,
6160,Springs Valley Com School Corp,6,6,19,18,37,49,75.5%,9,12,24,17,41,62,66.1%,26,22,16,9,25,73,34.2%,24,21,10,1,11,56,19.6%,23,18,8,5,13,54,24.1%,41,20,7,1,8,69,11.6%,129,99,84,51,135,363,37.2%,
6195,Spencer-Owen Community Schools,31,51,55,26,81,163,49.7%,39,32,50,29,79,150,52.7%,58,35,43,21,64,157,40.8%,70,34,37,17,54,158,34.2%,86,38,28,14,42,166,25.3%,69,42,28,17,45,156,28.8%,353,232,241,124,365,950,38.4%,
6260,Southwest Parke Com Sch Corp,10,13,26,19,45,68,66.2%,15,10,26,15,41,66,62.1%,22,22,11,10,21,65,32.3%,37,15,17,7,24,76,31.6%,31,19,9,9,18,68,26.5%,47,22,11,9,20,89,22.5%,162,101,100,69,169,432,39.1%,
6325,Perry Central Com Schools Corp,11,17,33,34,67,95,70.5%,12,10,42,20,62,84,73.8%,19,19,19,17,36,74,48.6%,28,15,14,28,42,85,49.4%,32,28,17,13,30,90,33.3%,32,22,10,13,23,77,29.9%,134,111,135,125,260,505,51.5%,
6340,Cannelton City Schools,6,3,1,1,2,11,18.2%,3,5,3,1,4,12,33.3%,4,3,7,2,9,16,56.3%,***,***,***,***,***,9,***,9,2,1,0,1,12,8.3%,12,4,0,0,0,16,0.0%,39,19,12,6,18,76,23.7%,
6350,Tell City-Troy Twp School Corp,17,21,30,27,57,95,60.0%,29,19,32,18,50,98,51.0%,35,25,26,14,40,100,40.0%,34,29,18,12,30,93,32.3%,48,28,19,8,27,103,26.2%,29,36,15,21,36,101,35.6%,192,158,140,100,240,590,40.7%,
6375,North Central Parke Comm Schl Corp,24,23,31,15,46,93,49.5%,24,30,25,10,35,89,39.3%,31,32,20,9,29,92,31.5%,27,20,20,10,30,77,39.0%,25,27,18,6,24,76,31.6%,34,29,16,9,25,88,28.4%,165,161,130,59,189,515,36.7%,
6445,Pike County School Corp,28,24,34,15,49,101,48.5%,26,32,30,21,51,109,46.8%,54,44,16,15,31,129,24.0%,46,36,23,11,34,116,29.3%,39,49,19,9,28,116,24.1%,43,41,24,17,41,125,32.8%,236,226,146,88,234,696,33.6%,
6455,Porter County Education Services,***,***,***,***,***,1,***,***,***,***,***,***,4,***,***,***,***,***,***,4,***,***,***,***,***,***,5,***,***,***,***,***,***,3,***,***,***,***,***,***,3,***,17,1,1,1,2,20,10.0%,
6460,MSD Boone Township,14,7,14,31,45,66,68.2%,16,25,19,15,34,75,45.3%,20,22,20,11,31,73,42.5%,7,17,24,22,46,70,65.7%,25,19,17,4,21,65,32.3%,24,24,12,9,21,69,30.4%,106,114,106,92,198,418,47.4%,
6470,Duneland School Corporation,49,61,142,149,291,401,72.6%,71,66,130,159,289,426,67.8%,55,87,113,157,270,412,65.5%,55,82,131,156,287,424,67.7%,57,95,144,131,275,427,64.4%,78,95,122,141,263,436,60.3%,365,486,782,893,1675,2526,66.3%,
6510,East Porter County School Corp,28,41,60,66,126,195,64.6%,38,52,68,32,100,190,52.6%,45,58,44,28,72,175,41.1%,33,69,48,43,91,193,47.2%,27,61,56,36,92,180,51.1%,59,67,51,20,71,197,36.0%,230,348,327,225,552,1130,48.8%,
6520,Porter Township School Corp,10,17,30,32,62,89,69.7%,16,21,34,25,59,96,61.5%,13,21,35,25,60,94,63.8%,22,31,20,16,36,89,40.4%,27,29,16,20,36,92,39.1%,48,31,15,15,30,109,27.5%,136,150,150,133,283,569,49.7%,
6530,Union Township School Corp,12,11,40,45,85,108,78.7%,7,15,44,46,90,112,80.4%,8,33,28,49,77,118,65.3%,18,35,34,23,57,110,51.8%,15,23,26,38,64,102,62.7%,12,27,33,28,61,100,61.0%,72,144,205,229,434,650,66.8%,
6550,Portage Township Schools,163,117,146,69,215,495,43.4%,206,90,121,46,167,463,36.1%,222,147,73,41,114,483,23.6%,273,114,70,36,106,493,21.5%,213,139,91,37,128,480,26.7%,228,158,86,44,130,516,25.2%,1305,765,587,273,860,2930,29.4%,
6560,Valparaiso Community Schools,46,64,154,208,362,472,76.7%,37,69,175,197,372,478,77.8%,89,99,117,167,284,472,60.2%,91,114,110,143,253,458,55.2%,104,135,126,132,258,497,51.9%,117,135,107,114,221,473,46.7%,484,616,789,961,1750,2850,61.4%,
6590,MSD Mount Vernon,22,19,51,60,111,152,73.0%,20,27,46,40,86,133,64.7%,19,30,40,74,114,163,69.9%,54,43,39,20,59,156,37.8%,63,35,31,33,64,162,39.5%,47,46,41,38,79,172,45.9%,225,200,248,265,513,938,54.7%,
6600,MSD North Posey Co Schools,8,8,28,55,83,99,83.8%,14,12,37,49,86,112,76.8%,13,15,35,46,81,109,74.3%,39,26,33,39,72,137,52.6%,15,22,25,36,61,98,62.2%,43,38,22,18,40,121,33.1%,132,121,180,243,423,676,62.6%,
6620,Eastern Pulaski Community Sch Corp,18,11,23,15,38,67,56.7%,21,21,28,15,43,85,50.6%,16,24,14,28,42,82,51.2%,12,14,34,28,62,88,70.5%,20,22,19,10,29,71,40.8%,34,25,8,21,29,88,33.0%,121,117,126,117,243,481,50.5%,
6630,West Central School Corp,21,14,11,7,18,53,34.0%,23,15,10,5,15,53,28.3%,25,18,13,5,18,61,29.5%,6,11,13,2,15,32,46.9%,21,18,5,6,11,50,22.0%,9,13,10,12,22,44,50.0%,105,89,62,37,99,293,33.8%,
6705,South Putnam Community Schools,7,17,23,20,43,67,64.2%,14,20,34,10,44,78,56.4%,28,23,22,14,36,87,41.4%,22,31,25,13,38,91,41.8%,35,25,20,16,36,96,37.5%,25,25,13,19,32,82,39.0%,131,141,137,92,229,501,45.7%,
6715,North Putnam Community Schools,17,10,35,25,60,87,69.0%,27,28,36,16,52,107,48.6%,38,29,19,14,33,100,33.0%,29,27,18,15,33,89,37.1%,36,32,20,11,31,99,31.3%,42,28,10,18,28,98,28.6%,189,154,138,99,237,580,40.9%,
6750,Cloverdale Community Schools,74,66,72,45,117,257,45.5%,105,74,62,21,83,262,31.7%,84,64,54,21,75,223,33.6%,97,41,36,22,58,196,29.6%,73,61,36,13,49,183,26.8%,72,32,20,11,31,135,23.0%,505,338,280,133,413,1256,32.9%,
6755,Greencastle Community School Corp,41,33,38,31,69,143,48.3%,53,22,32,21,53,128,41.4%,39,32,35,16,51,122,41.8%,48,31,28,29,57,136,41.9%,52,33,14,23,37,122,30.3%,69,29,18,13,31,129,24.0%,302,180,165,133,298,780,38.2%,
6795,Union School Corporation,229,35,28,9,37,301,12.3%,276,42,35,6,41,359,11.4%,366,43,26,4,30,439,6.8%,455,39,12,2,14,508,2.8%,590,103,20,4,24,717,3.3%,866,90,21,11,32,988,3.2%,2782,352,142,36,178,3312,5.4%,
6805,Randolph Southern School Corp,8,12,12,10,22,42,52.4%,6,12,9,4,13,31,41.9%,6,4,5,12,17,27,63.0%,10,9,10,8,18,37,48.6%,10,10,5,6,11,31,35.5%,18,6,5,5,10,34,29.4%,58,53,46,45,91,202,45.0%,
6820,Monroe Central School Corp,18,25,39,17,56,99,56.6%,19,22,29,10,39,80,48.8%,12,25,19,24,43,80,53.8%,23,14,25,20,45,82,54.9%,24,16,32,13,45,85,52.9%,30,25,11,10,21,76,27.6%,126,127,155,94,249,502,49.6%,
6825,Randolph Central School Corp,46,16,33,23,56,118,47.5%,27,20,27,9,36,83,43.4%,31,29,30,20,50,110,45.5%,37,27,32,12,44,108,40.7%,41,26,18,11,29,96,30.2%,50,21,7,8,15,86,17.4%,232,139,147,83,230,601,38.3%,
6835,Randolph Eastern School Corp,26,19,9,6,15,60,25.0%,31,23,12,5,17,71,23.9%,29,23,11,0,11,63,17.5%,46,18,15,4,19,83,22.9%,38,22,8,2,10,70,14.3%,32,16,4,1,5,53,9.4%,202,121,59,18,77,400,19.3%,
6865,South Ripley Com Sch Corp,0,8,31,23,54,62,87.1%,8,7,32,36,68,83,81.9%,21,20,17,13,30,71,42.3%,15,18,28,12,40,73,54.8%,13,25,24,16,40,78,51.3%,16,21,27,20,47,84,56.0%,73,99,159,120,279,451,61.9%,
6895,Batesville Community School Corp,23,24,56,55,111,158,70.3%,27,20,62,39,101,148,68.2%,43,55,39,34,73,171,42.7%,45,51,57,16,73,169,43.2%,51,53,40,15,55,159,34.6%,53,36,41,36,77,166,46.4%,242,239,295,195,490,971,50.5%,
6900,Jac-Cen-Del Community Sch Corp,8,7,22,15,37,52,71.2%,22,13,15,7,22,57,38.6%,18,9,15,8,23,50,46.0%,19,12,8,8,16,47,34.0%,22,16,9,4,13,51,25.5%,19,26,11,3,14,59,23.7%,108,83,80,45,125,316,39.6%,
6910,Milan Community Schools,25,16,28,7,35,76,46.1%,18,26,19,10,29,73,39.7%,27,25,30,7,37,89,41.6%,21,20,18,8,26,67,38.8%,31,40,10,6,16,87,18.4%,41,31,6,4,10,82,12.2%,163,158,111,42,153,474,32.3%,
6995,Rush County Schools,45,30,42,16,58,133,43.6%,52,31,24,8,32,115,27.8%,55,35,22,22,44,134,32.8%,69,32,26,13,39,140,27.9%,59,32,27,21,48,139,34.5%,42,37,30,22,52,131,39.7%,322,197,171,102,273,792,34.5%,
7150,John Glenn School Corporation,28,37,65,28,93,158,58.9%,22,35,58,26,84,141,59.6%,30,26,46,34,80,136,58.8%,42,21,40,37,77,140,55.0%,46,49,35,21,56,151,37.1%,43,54,28,20,48,145,33.1%,211,222,272,166,438,871,50.3%,
7175,Penn-Harris-Madison School Corp,143,101,238,341,579,823,70.4%,141,98,263,304,567,806,70.3%,148,150,197,367,564,862,65.4%,225,191,225,219,444,860,51.6%,209,227,190,239,429,865,49.6%,169,172,167,261,428,769,55.7%,1035,939,1280,1731,3011,4985,60.4%,
7200,School City of Mishawaka,162,82,91,57,148,392,37.8%,166,78,90,35,125,369,33.9%,162,99,75,60,135,396,34.1%,180,92,57,45,102,374,27.3%,204,77,42,19,61,342,17.8%,224,63,29,28,57,344,16.6%,1098,491,384,244,628,2217,28.3%,
7205,South Bend Community School Corp,541,185,145,94,239,965,24.8%,629,152,121,64,185,966,19.2%,648,181,95,59,154,983,15.7%,635,145,84,46,130,910,14.3%,633,161,71,49,120,914,13.1%,712,137,69,48,117,966,12.1%,3798,961,585,360,945,5704,16.6%,
7215,Union-North United School Corp,35,19,30,13,43,97,44.3%,28,26,31,12,43,97,44.3%,39,17,15,7,22,78,28.2%,24,24,16,14,30,78,38.5%,43,38,16,3,19,100,19.0%,44,22,9,4,13,79,16.5%,213,146,117,53,170,529,32.1%,
7230,Scott County School District 1,41,16,27,8,35,92,38.0%,37,16,27,5,32,85,37.6%,46,13,10,6,16,75,21.3%,57,17,4,5,9,83,10.8%,50,18,7,3,10,78,12.8%,54,27,5,2,7,88,8.0%,285,107,80,29,109,501,21.8%,
7255,Scott County School District 2,46,48,74,52,126,220,57.3%,43,54,83,29,112,209,53.6%,47,45,46,37,83,175,47.4%,69,38,45,37,82,189,43.4%,70,55,39,23,62,187,33.2%,50,56,32,25,57,163,35.0%,325,296,319,203,522,1143,45.7%,
7285,Shelby Eastern Schools,21,26,32,16,48,95,50.5%,17,16,37,22,59,92,64.1%,30,24,34,19,53,107,49.5%,26,22,22,26,48,96,50.0%,36,26,20,8,28,90,31.1%,40,30,21,0,21,91,23.1%,170,144,166,91,257,571,45.0%,
7350,Northwestern Con School Corp,22,24,26,23,49,95,51.6%,19,17,28,21,49,85,57.6%,20,23,23,29,52,95,54.7%,16,26,39,27,66,108,61.1%,35,29,33,14,47,111,42.3%,62,26,18,4,22,110,20.0%,174,145,167,118,285,604,47.2%,
7360,Southwestern Con Sch Shelby Co,11,11,13,8,21,43,48.8%,13,8,11,9,20,41,48.8%,20,9,8,8,16,45,35.6%,12,11,11,9,20,43,46.5%,18,18,4,0,4,40,10.0%,31,19,5,1,6,56,10.7%,105,76,52,35,87,268,32.5%,
7365,Shelbyville Central Schools,74,42,93,55,148,264,56.1%,83,55,81,40,121,259,46.7%,94,66,66,47,113,273,41.4%,117,81,68,29,97,295,32.9%,136,67,45,37,82,285,28.8%,142,51,41,33,74,267,27.7%,646,362,394,241,635,1643,38.6%,
7385,North Spencer County Sch Corp,33,16,49,60,109,158,69.0%,23,16,32,73,105,144,72.9%,22,22,40,52,92,136,67.6%,25,30,40,68,108,163,66.3%,31,29,45,66,111,171,64.9%,26,34,30,46,76,136,55.9%,160,147,236,365,601,908,66.2%,
7445,South Spencer County Sch Corp,19,14,28,24,52,85,61.2%,16,15,30,12,42,73,57.5%,28,18,25,9,34,80,42.5%,9,17,13,23,36,62,58.1%,23,22,14,10,24,69,34.8%,24,24,15,11,26,74,35.1%,119,110,125,89,214,443,48.3%,
7495,Oregon-Davis School Corp,11,3,11,4,15,29,51.7%,10,10,17,2,19,39,48.7%,13,12,8,3,11,36,30.6%,9,14,9,5,14,37,37.8%,24,7,6,1,7,38,18.4%,37,5,1,1,2,44,4.5%,104,51,52,16,68,223,30.5%,
7515,North Judson-San Pierre Sch Corp,16,13,15,14,29,58,50.0%,17,12,15,7,22,51,43.1%,28,28,17,4,21,77,27.3%,19,19,22,11,33,71,46.5%,19,23,15,12,27,69,39.1%,40,17,5,6,11,68,16.2%,139,112,89,54,143,394,36.3%,
7525,Knox Community School Corp,46,37,25,22,47,130,36.2%,32,20,45,25,70,122,57.4%,57,35,21,10,31,123,25.2%,52,34,24,6,30,116,25.9%,46,29,19,5,24,99,24.2%,77,21,15,5,20,118,16.9%,310,176,149,73,222,708,31.4%,
7605,Fremont Community Schools,18,15,26,15,41,74,55.4%,19,21,27,9,36,76,47.4%,21,24,14,4,18,63,28.6%,24,22,17,13,30,76,39.5%,17,20,14,20,34,71,47.9%,17,36,20,12,32,85,37.6%,116,138,118,73,191,445,42.9%,
7610,Hamilton Community Schools,3,5,12,8,20,28,71.4%,10,7,7,2,9,26,34.6%,10,10,8,3,11,31,35.5%,8,6,3,2,5,19,26.3%,7,8,5,1,6,21,28.6%,11,2,3,4,7,20,35.0%,49,38,38,20,58,145,40.0%,
7615,MSD Steuben County,72,43,47,22,69,184,37.5%,67,34,51,34,85,186,45.7%,53,54,44,27,71,178,39.9%,42,50,50,28,78,170,45.9%,64,58,34,30,64,186,34.4%,65,37,35,23,58,160,36.3%,363,276,261,164,425,1064,39.9%,
7645,Northeast School Corp,13,14,19,3,22,49,44.9%,9,17,19,4,23,49,46.9%,30,16,12,6,18,64,28.1%,14,17,21,4,25,56,44.6%,35,13,12,3,15,63,23.8%,54,4,0,1,1,59,1.7%,155,81,83,21,104,340,30.6%,
7715,Southwest School Corporation,31,34,46,24,70,135,51.9%,42,39,41,16,57,138,41.3%,51,50,29,15,44,145,30.3%,46,32,49,30,79,157,50.3%,39,36,36,17,53,128,41.4%,69,35,24,22,46,150,30.7%,278,226,225,124,349,853,40.9%,
7775,Switzerland County School Corp,41,20,37,17,54,115,47.0%,27,30,33,17,50,107,46.7%,35,27,33,15,48,110,43.6%,46,36,21,7,28,110,25.5%,39,27,24,11,35,101,34.7%,38,40,18,8,26,104,25.0%,226,180,166,75,241,647,37.2%,
7855,Lafayette School Corporation,201,101,159,112,271,573,47.3%,235,131,143,75,218,584,37.3%,258,120,68,53,121,499,24.2%,261,114,78,39,117,492,23.8%,251,103,72,61,133,487,27.3%,308,108,37,41,78,494,15.8%,1514,677,557,381,938,3129,30.0%,
7865,Tippecanoe School Corp,263,220,309,268,577,1060,54.4%,241,194,315,268,583,1018,57.3%,286,231,263,257,520,1037,50.1%,353,287,255,190,445,1085,41.0%,321,291,203,187,390,1002,38.9%,334,278,209,227,436,1048,41.6%,1798,1501,1554,1397,2951,6250,47.2%,
7875,West Lafayette Com School Corp,17,21,48,89,137,175,78.3%,24,28,50,59,109,161,67.7%,23,30,43,97,140,193,72.5%,27,29,40,89,129,185,69.7%,23,35,40,71,111,169,65.7%,41,38,40,66,106,185,57.3%,155,181,261,471,732,1068,68.5%,
7935,Tri-Central Community Schools,28,12,16,6,22,62,35.5%,26,12,13,4,17,55,30.9%,17,17,17,13,30,64,46.9%,28,22,5,2,7,57,12.3%,25,18,8,2,10,53,18.9%,24,19,9,2,11,54,20.4%,148,100,68,29,97,345,28.1%,
7945,Tipton Community School Corp,19,15,22,35,57,91,62.6%,24,24,35,28,63,111,56.8%,32,24,25,20,45,101,44.6%,50,19,21,22,43,112,38.4%,42,24,14,10,24,90,26.7%,47,22,18,15,33,102,32.4%,214,128,135,130,265,607,43.7%,
7950,Union Co/Clg Corner Joint Sch Dist,18,21,39,32,71,110,64.5%,28,33,27,19,46,107,43.0%,25,32,27,14,41,98,41.8%,39,24,14,10,24,87,27.6%,36,33,20,9,29,98,29.6%,40,19,9,9,18,77,23.4%,186,162,136,93,229,577,39.7%,
7995,Evansville Vanderburgh School Corp,628,287,377,277,654,1569,41.7%,609,277,421,255,676,1562,43.3%,650,348,331,225,556,1554,35.8%,700,358,310,291,601,1659,36.2%,687,358,273,231,504,1549,32.5%,715,374,238,298,536,1625,33.0%,3989,2002,1950,1577,3527,9518,37.1%,
8010,North Vermillion Com Sch Corp,11,8,14,7,21,40,52.5%,20,12,10,5,15,47,31.9%,22,23,5,9,14,59,23.7%,31,13,9,4,13,57,22.8%,36,23,5,3,8,67,11.9%,36,23,1,2,3,62,4.8%,156,102,44,30,74,332,22.3%,
8020,South Vermillion Com Sch Corp,39,24,34,23,57,120,47.5%,40,30,39,18,57,127,44.9%,43,42,34,16,50,135,37.0%,52,34,18,14,32,118,27.1%,55,33,17,9,26,114,22.8%,73,21,6,8,14,108,13.0%,302,184,148,88,236,722,32.7%,
8030,Vigo County School Corp,307,209,274,180,454,970,46.8%,360,215,288,146,434,1009,43.0%,445,238,193,104,297,980,30.3%,466,229,146,115,261,956,27.3%,432,224,132,109,241,897,26.9%,493,197,109,120,229,919,24.9%,2503,1312,1142,774,1916,5731,33.4%,
8045,Manchester Community Schools,17,11,24,29,53,81,65.4%,21,22,25,32,57,100,57.0%,30,27,24,20,44,101,43.6%,19,27,34,17,51,97,52.6%,39,31,23,10,33,103,32.0%,27,28,15,9,24,79,30.4%,153,146,145,117,262,561,46.7%,
8050,MSD Wabash County Schools,44,23,33,23,56,123,45.5%,43,28,54,18,72,143,50.3%,31,23,36,23,59,113,52.2%,34,36,35,18,53,123,43.1%,48,46,22,19,41,135,30.4%,62,43,24,23,47,152,30.9%,262,199,204,124,328,789,41.6%,
8060,Wabash City Schools,30,21,21,13,34,85,40.0%,55,23,18,4,22,100,22.0%,36,31,18,12,30,97,30.9%,61,24,15,9,24,109,22.0%,51,37,25,5,30,118,25.4%,61,23,15,1,16,100,16.0%,294,159,112,44,156,609,25.6%,
8115,MSD Warren County,33,30,35,20,55,118,46.6%,27,23,31,20,51,101,50.5%,38,24,29,5,34,96,35.4%,44,37,33,16,49,130,37.7%,44,41,13,9,22,107,20.6%,50,33,15,6,21,104,20.2%,236,188,156,76,232,656,35.4%,
8130,Warrick County School Corp,83,109,237,282,519,711,73.0%,74,98,268,281,549,721,76.1%,114,153,209,278,487,754,64.6%,166,183,193,223,416,765,54.4%,147,188,203,197,400,735,54.4%,157,193,173,256,429,779,55.1%,741,924,1283,1517,2800,4465,62.7%,
8205,Salem Community Schools,37,26,34,23,57,120,47.5%,50,20,43,22,65,135,48.1%,43,26,30,28,58,127,45.7%,50,29,27,17,44,123,35.8%,62,26,14,6,20,108,18.5%,80,42,13,6,19,141,13.5%,322,169,161,102,263,754,34.9%,
8215,East Washington School Corp,27,27,26,21,47,101,46.5%,19,18,38,30,68,105,64.8%,40,30,19,7,26,96,27.1%,33,17,31,11,42,92,45.7%,50,30,25,14,39,119,32.8%,36,28,28,19,47,111,42.3%,205,150,167,102,269,624,43.1%,
8220,West Washington School Corp,7,11,14,31,45,63,71.4%,12,16,28,19,47,75,62.7%,5,6,8,40,48,59,81.4%,8,10,22,22,44,62,71.0%,22,16,16,15,31,69,44.9%,31,10,15,5,20,61,32.8%,85,69,103,132,235,389,60.4%,
8305,Nettle Creek School Corporation,18,17,30,15,45,80,56.3%,22,20,32,9,41,83,49.4%,24,32,19,11,30,86,34.9%,31,24,24,15,39,94,41.5%,19,29,18,8,26,74,35.1%,56,37,9,8,17,110,15.5%,170,159,132,66,198,527,37.6%,
8355,Western Wayne Schools,18,11,16,5,21,50,42.0%,19,14,10,9,19,52,36.5%,19,6,15,2,17,42,40.5%,17,10,11,6,17,44,38.6%,23,22,6,3,9,54,16.7%,26,9,4,5,9,44,20.5%,122,72,62,30,92,286,32.2%,
8360,Centerville-Abington Com Schs,37,31,50,14,64,132,48.5%,45,36,35,17,52,133,39.1%,46,46,35,14,49,141,34.8%,21,30,53,37,90,141,63.8%,41,42,30,22,52,135,38.5%,55,45,28,16,44,144,30.6%,245,230,231,120,351,826,42.5%,
8375,Northeastern Wayne Schools,14,21,27,18,45,80,56.3%,39,21,28,6,34,94,36.2%,24,26,25,14,39,89,43.8%,31,21,26,9,35,87,40.2%,42,33,18,8,26,101,25.7%,41,35,26,17,43,119,36.1%,191,157,150,72,222,570,38.9%,
8385,Richmond Community Schools,131,51,61,61,122,304,40.1%,129,61,63,41,104,294,35.4%,183,64,57,18,75,322,23.3%,195,51,39,15,54,300,18.0%,227,62,23,13,36,325,11.1%,254,31,14,12,26,311,8.4%,1119,320,257,160,417,1856,22.5%,
8425,Southern Wells Com Schools,22,22,22,12,34,78,43.6%,25,18,22,12,34,77,44.2%,19,18,19,14,33,70,47.1%,31,15,21,9,30,76,39.5%,16,21,15,16,31,68,45.6%,21,10,7,16,23,54,42.6%,134,104,106,79,185,423,43.7%,
8435,Norwell Community Schools,36,32,58,48,106,174,60.9%,41,39,68,36,104,184,56.5%,53,44,42,54,96,193,49.7%,30,44,62,45,107,181,59.1%,49,47,41,42,83,179,46.4%,61,65,48,39,87,213,40.8%,270,271,319,264,583,1124,51.9%,
8445,MSD Bluffton-Harrison,31,37,50,27,77,145,53.1%,41,31,41,14,55,127,43.3%,45,25,34,17,51,121,42.1%,52,25,37,31,68,145,46.9%,59,43,22,17,39,141,27.7%,49,47,14,11,25,121,20.7%,277,208,198,117,315,800,39.4%,
8515,North White School Corp,25,16,18,9,27,68,39.7%,40,14,18,1,19,73,26.0%,45,20,5,4,9,74,12.2%,47,11,7,2,9,67,13.4%,55,15,1,1,2,72,2.8%,45,20,8,3,11,76,14.5%,257,96,57,20,77,430,17.9%,
8525,Frontier School Corporation,16,12,13,12,25,53,47.2%,12,12,21,5,26,50,52.0%,17,12,13,6,19,48,39.6%,13,7,8,12,20,40,50.0%,14,15,11,17,28,57,49.1%,10,11,10,11,21,42,50.0%,82,69,76,63,139,290,47.9%,
8535,Tri-County School Corporation,7,11,19,18,37,55,67.3%,13,14,23,19,42,69,60.9%,19,18,8,10,18,55,32.7%,21,22,17,4,21,64,32.8%,15,18,11,6,17,50,34.0%,17,15,17,4,21,53,39.6%,92,98,95,61,156,346,45.1%,
8565,Twin Lakes School Corp,67,40,36,28,64,171,37.4%,51,40,52,30,82,173,47.4%,78,45,38,14,52,175,29.7%,66,44,40,24,64,174,36.8%,53,40,28,22,50,143,35.0%,76,51,27,19,46,173,26.6%,391,260,221,137,358,1009,35.5%,
8625,Smith-Green Community Schools,10,16,30,32,62,88,70.5%,40,14,25,10,35,89,39.3%,19,26,22,12,34,79,43.0%,33,27,17,2,19,79,24.1%,26,35,20,2,22,83,26.5%,45,29,6,3,9,83,10.8%,173,147,120,61,181,501,36.1%,
8665,Whitley County Con Schools,69,41,72,70,142,252,56.3%,83,66,86,50,136,285,47.7%,85,78,53,51,104,267,39.0%,92,63,53,31,84,239,35.1%,106,68,59,27,86,260,33.1%,146,87,27,28,55,288,19.1%,581,403,350,257,607,1591,38.2%,
8675,Invent Learning Hub,16,3,2,1,3,22,13.6%,8,1,2,1,3,12,25.0%,16,6,1,0,1,23,4.3%,10,3,0,0,0,13,0.0%,20,3,1,0,1,24,4.2%,9,5,1,1,2,16,12.5%,79,21,7,3,10,110,9.1%,
8685,PLA at George H Fisher School 93,23,11,16,2,18,52,34.6%,22,11,20,7,27,60,45.0%,29,11,12,6,18,58,31.0%,44,9,11,1,12,65,18.5%,,,,,,,,,,,,,,,118,42,59,16,75,235,31.9%,
8690,Dynamic Minds Academy,***,***,***,***,***,4,***,***,***,***,***,***,1,***,***,***,***,***,***,7,***,***,***,***,***,***,6,***,***,***,***,***,***,4,***,***,***,***,***,***,7,***,25,2,2,0,2,29,6.9%,
8950,Phalen Leadership Academy at Francis Scott Key School 103,42,17,18,2,20,79,25.3%,69,14,12,1,13,96,13.5%,53,14,6,0,6,73,8.2%,68,10,6,3,9,87,10.3%,,,,,,,,,,,,,,,232,55,42,6,48,335,14.3%,
8970,GEO Next Generation Academy,,,,,,,,,,,,,,,,,,,,,,,,,,,,,13,3,0,0,0,16,0.0%,21,1,0,0,0,22,0.0%,34,4,0,0,0,38,0.0%,
8980,The PATH School,48,13,13,3,16,77,20.8%,57,7,7,1,8,72,11.1%,62,6,6,1,7,75,9.3%,61,16,2,0,2,79,2.5%,36,13,4,1,5,54,9.3%,48,7,2,0,2,57,3.5%,312,62,34,6,40,414,9.7%,
9000,Phalen Virtual Leadership Academy,13,2,1,0,1,16,6.3%,19,2,1,1,2,23,8.7%,16,3,2,0,2,21,9.5%,21,2,0,0,0,23,0.0%,23,4,0,0,0,27,0.0%,37,0,1,0,1,38,2.6%,129,13,5,1,6,148,4.1%,
9004,Paramount School of Excellence South Bend,20,8,2,1,3,31,9.7%,24,4,12,2,14,42,33.3%,30,11,3,3,6,47,12.8%,22,9,5,3,8,39,20.5%,,,,,,,,,,,,,,,96,32,22,9,31,159,19.5%,
9022,Paramount School of Excellence Lafayette,12,5,1,1,2,19,10.5%,9,5,3,4,7,21,33.3%,14,10,8,5,13,37,35.1%,5,3,8,1,9,17,52.9%,,,,,,,,,,,,,,,40,23,20,11,31,94,33.0%,
9027,Success Academy at Boys and Girls Club,10,4,0,0,0,14,0.0%,8,3,0,0,0,11,0.0%,12,3,0,0,0,15,0.0%,,,,,,,,,,,,,,,,,,,,,,30,10,0,0,0,40,0.0%,
9030,Otwell Miller Academy,10,3,1,2,3,16,18.8%,8,5,3,2,5,18,27.8%,9,4,1,1,2,15,13.3%,,,,,,,,,,,,,,,,,,,,,,27,12,5,5,10,49,20.4%,
9035,Indiana Connections Career Academy,,,,,,,,,,,,,,,,,,,,,,15,2,5,0,5,22,22.7%,25,15,5,2,7,47,14.9%,41,18,5,3,8,67,11.9%,81,35,15,5,20,136,14.7%,
9040,Avondale Meadows Middle School,,,,,,,,,,,,,,,37,9,3,2,5,51,9.8%,35,7,3,0,3,45,6.7%,41,9,2,0,2,52,3.8%,27,18,2,0,2,47,4.3%,140,43,10,2,12,195,6.2%,
9043,Premier Arts Academy,9,15,5,1,6,30,20.0%,15,3,3,1,4,22,18.2%,15,6,3,1,4,25,16.0%,17,4,2,1,3,24,12.5%,,,,,,,,,,,,,,,56,28,13,4,17,101,16.8%,
9045,James & Rosemary Phalen Leadership Academy Middle School,,,,,,,,,,,,,,,,,,,,,,,,,,,,,78,22,15,3,18,118,15.3%,113,24,7,3,10,147,6.8%,191,46,22,6,28,265,10.6%,
9054,The Genius School,11,5,3,0,3,19,15.8%,11,2,2,0,2,15,13.3%,12,3,1,1,2,17,11.8%,8,2,3,0,3,13,23.1%,,,,,,,,,,,,,,,42,12,9,1,10,64,15.6%,
9060,Paramount Cottage Home,19,11,22,31,53,83,63.9%,14,10,18,10,28,52,53.8%,6,4,13,13,26,36,72.2%,,,,,,,,,,,,,,,,,,,,,,39,25,53,54,107,171,62.6%,
9065,Allegiant Preparatory Academy,10,7,9,1,10,27,37.0%,13,5,4,0,4,22,18.2%,4,10,2,0,2,16,12.5%,,,,,,,,,,,,,,,,,,,,,,27,22,15,1,16,65,24.6%,
9085,pilotED Schools,19,14,7,0,7,40,17.5%,21,4,6,0,6,31,19.4%,19,1,3,1,4,24,16.7%,10,2,0,1,1,13,7.7%,,,,,,,,,,,,,,,69,21,16,2,18,108,16.7%,
9090,Matchbook Learning  ,64,7,2,0,2,73,2.7%,61,11,5,1,6,78,7.7%,67,8,2,1,3,78,3.8%,58,11,3,0,3,72,4.2%,46,10,7,1,8,64,12.5%,75,7,1,3,4,86,4.7%,371,54,20,6,26,451,5.8%,
9120,Hoosier College and Career Academy,,,,,,,,,,,,,,,,,,,,,,,,,,,,,71,16,4,0,4,91,4.4%,154,16,6,3,9,179,5.0%,225,32,10,3,13,270,4.8%,
9130,Adelante Schools,12,5,9,8,17,34,50.0%,35,12,5,1,6,53,11.3%,27,9,1,2,3,39,7.7%,20,5,7,1,8,33,24.2%,42,16,4,4,8,66,12.1%,42,11,6,3,9,62,14.5%,178,58,32,19,51,287,17.8%,
9150,Circle City Prep Charter School,23,12,8,1,9,44,20.5%,23,3,10,5,15,41,36.6%,21,10,5,1,6,37,16.2%,13,4,7,0,7,24,29.2%,14,7,1,2,3,24,12.5%,,,,,,,,94,36,31,9,40,170,23.5%,
9165,Paramount Englewood,,,,,,,,,,,,,,,4,8,4,1,5,17,29.4%,30,16,14,2,16,62,25.8%,37,16,13,15,28,81,34.6%,18,12,20,12,32,62,51.6%,89,52,51,30,81,222,36.5%,
9170,Rooted School Indianapolis,,,,,,,,,,,,,,,,,,,,,,,,,,,,,21,4,2,0,2,27,7.4%,21,5,1,0,1,27,3.7%,42,9,3,0,3,54,5.6%,
9195,Timothy L. Johnson Academy Middle ,,,,,,,,,,,,,,,,,,,,,,43,7,1,0,1,51,2.0%,49,6,1,0,1,56,1.8%,45,2,2,0,2,49,4.1%,137,15,4,0,4,156,2.6%,
9200,Archdiocese of Indianapolis,278,274,577,544,1121,1673,67.0%,344,296,572,471,1043,1683,62.0%,319,367,437,425,862,1548,55.7%,364,404,470,395,865,1633,53.0%,349,424,376,356,732,1505,48.6%,425,404,328,347,675,1504,44.9%,2079,2169,2760,2538,5298,9546,55.5%,
9205,Diocese of Gary,67,94,177,117,294,455,64.6%,97,103,163,89,252,452,55.8%,119,131,110,90,200,450,44.4%,153,140,115,80,195,488,40.0%,123,138,76,112,188,449,41.9%,148,132,101,62,163,443,36.8%,707,738,742,550,1292,2737,47.2%,
9210,Diocese of Lafayette Catholic Sch,55,72,139,145,284,411,69.1%,52,71,157,100,257,380,67.6%,57,97,114,134,248,402,61.7%,70,88,103,116,219,377,58.1%,45,100,85,135,220,365,60.3%,56,88,74,97,171,315,54.3%,335,516,672,727,1399,2250,62.2%,
9215,Diocese of Evansville,45,82,168,228,396,523,75.7%,64,93,209,152,361,518,69.7%,72,102,182,161,343,517,66.3%,71,89,149,133,282,442,63.8%,54,119,132,154,286,459,62.3%,69,107,117,132,249,425,58.6%,375,592,957,960,1917,2884,66.5%,
9220,Diocese of Fort Wayne - South Bend,196,171,385,327,712,1079,66.0%,227,218,382,241,623,1068,58.3%,228,275,261,261,522,1025,50.9%,287,253,292,199,491,1031,47.6%,256,292,199,216,415,963,43.1%,276,269,175,166,341,886,38.5%,1470,1478,1694,1410,3104,6052,51.3%,
9230,Lutheran Schools of Indiana,128,156,307,186,493,777,63.4%,156,175,310,154,464,795,58.4%,220,234,224,153,377,831,45.4%,233,218,202,102,304,755,40.3%,137,243,193,122,315,695,45.3%,193,220,140,98,238,651,36.6%,1067,1246,1376,815,2191,4504,48.6%,
9240,The Oaks Academy,18,18,40,31,71,107,66.4%,17,28,40,19,59,104,56.7%,13,26,30,34,64,103,62.1%,12,27,41,30,71,110,64.5%,9,27,29,34,63,99,63.6%,12,17,23,30,53,82,64.6%,81,143,203,178,381,605,63.0%,
9310,Charter School of the Dunes,61,9,11,0,11,81,13.6%,49,10,3,0,3,62,4.8%,53,8,3,0,3,64,4.7%,50,9,2,0,2,61,3.3%,71,7,2,1,3,81,3.7%,55,13,2,1,3,71,4.2%,339,56,23,2,25,420,6.0%,
9320,Community Montessori Inc,23,6,2,4,6,35,17.1%,16,7,7,0,7,30,23.3%,18,5,3,2,5,28,17.9%,27,4,3,1,4,35,11.4%,15,7,6,2,8,30,26.7%,18,11,4,3,7,36,19.4%,117,40,25,12,37,194,19.1%,
9325,Options Charter Schools,,,,,,,,,,,,,,,,,,,,,,19,8,1,1,2,29,6.9%,41,12,4,1,5,58,8.6%,77,11,3,2,5,93,5.4%,137,31,8,4,12,180,6.7%,
9330,Irvington Community School,33,13,8,7,15,61,24.6%,26,15,21,6,27,68,39.7%,36,19,4,6,10,65,15.4%,41,15,8,2,10,66,15.2%,43,20,5,5,10,73,13.7%,34,23,10,4,14,71,19.7%,213,105,56,30,86,404,21.3%,
9350,Timothy L Johnson Academy,36,12,9,1,10,58,17.2%,45,13,3,0,3,61,4.9%,38,8,2,1,3,49,6.1%,,,,,,,,,,,,,,,,,,,,,,119,33,14,2,16,168,9.5%,
9365,Enlace Academy,50,8,13,3,16,74,21.6%,52,12,9,0,9,73,12.3%,57,12,4,0,4,73,5.5%,59,8,3,1,4,71,5.6%,58,12,2,0,2,72,2.8%,57,13,4,1,5,75,6.7%,333,65,35,5,40,438,9.1%,
9380,Christel House Academy South,21,14,15,3,18,53,34.0%,31,11,10,1,11,53,20.8%,33,15,6,5,11,59,18.6%,39,10,2,1,3,52,5.8%,51,8,4,1,5,64,7.8%,44,9,2,1,3,56,5.4%,219,67,39,12,51,337,15.1%,
9395,Christel House Academy West,37,8,9,1,10,55,18.2%,31,12,8,0,8,51,15.7%,37,11,7,0,7,55,12.7%,36,13,4,0,4,53,7.5%,45,7,2,0,2,54,3.7%,48,4,2,0,2,54,3.7%,234,55,32,1,33,322,10.2%,
9400,KIPP Indy College Prep Middle,,,,,,,,,,,,,,,,,,,,,,92,16,5,4,9,117,7.7%,88,30,4,1,5,123,4.1%,112,14,3,0,3,129,2.3%,292,60,12,5,17,369,4.6%,
9410,KIPP Indy Unite Elementary,75,13,16,3,19,107,17.8%,62,17,20,5,25,104,24.0%,66,18,12,11,23,107,21.5%,,,,,,,,,,,,,,,,,,,,,,203,48,48,19,67,318,21.1%,
9425,Tindley Genesis Academy,48,13,4,0,4,65,6.2%,36,5,3,0,3,44,6.8%,30,10,1,0,1,41,2.4%,33,8,4,0,4,45,8.9%,,,,,,,,,,,,,,,147,36,12,0,12,195,6.2%,
9430,Tindley Summit Academy,23,5,3,5,8,36,22.2%,19,6,2,0,2,27,7.4%,22,2,0,0,0,24,0.0%,13,3,3,0,3,19,15.8%,,,,,,,,,,,,,,,77,16,8,5,13,106,12.3%,
9445,Charles A Tindley Accelerated Sch,,,,,,,,,,,,,,,,,,,,,,,,,,,,,55,16,1,0,1,72,1.4%,55,10,2,0,2,67,3.0%,110,26,3,0,3,139,2.2%,
9460,Thea Bowman Leadership Academy,33,18,14,3,17,68,25.0%,25,10,5,0,5,40,12.5%,38,7,2,0,2,47,4.3%,47,16,6,0,6,69,8.7%,48,14,4,1,5,67,7.5%,65,10,1,0,1,76,1.3%,256,75,32,4,36,367,9.8%,
9485,SE Neighborhood Sch of Excellence,48,14,2,3,5,67,7.5%,46,12,12,3,15,73,20.5%,40,13,5,4,9,62,14.5%,43,11,8,1,9,63,14.3%,57,10,1,0,1,68,1.5%,42,10,4,1,5,57,8.8%,276,70,32,12,44,390,11.3%,
9495,Joshua Academy,19,10,8,6,14,43,32.6%,17,6,10,1,11,34,32.4%,22,1,1,3,4,27,14.8%,12,3,0,0,0,15,0.0%,,,,,,,,,,,,,,,70,20,19,10,29,119,24.4%,
9505,Indiana Agriculture and Technology,,,,,,,,,,,,,,,,,,,,,,,,,,,,,24,8,2,0,2,34,5.9%,45,4,2,0,2,51,3.9%,69,12,4,0,4,85,4.7%,
9531,Paramount Online Academy,9,3,2,0,2,14,14.3%,12,5,2,0,2,19,10.5%,22,3,3,0,3,28,10.7%,28,9,3,0,3,40,7.5%,34,9,4,1,5,48,10.4%,40,8,5,2,7,55,12.7%,145,37,19,3,22,204,10.8%,
9533,Promise Prep,10,4,3,0,3,17,17.6%,10,0,1,0,1,11,9.1%,,,,,,,,,,,,,,,,,,,,,,,,,,,,,20,4,4,0,4,28,14.3%,
9534,Indy Steam Academy,8,4,4,5,9,21,42.9%,13,3,2,0,2,18,11.1%,15,0,0,1,1,16,6.3%,16,4,1,0,1,21,4.8%,***,***,***,***,***,8,***,,,,,,,,59,12,7,6,13,84,15.5%,
9535,Gary Lighthouse Charter School,51,12,11,0,11,74,14.9%,55,7,5,0,5,67,7.5%,39,8,5,3,8,55,14.5%,69,8,7,1,8,85,9.4%,60,8,5,3,8,76,10.5%,72,14,2,0,2,88,2.3%,346,57,35,7,42,445,9.4%,
9536,Lawrence County Independent Schools,8,4,5,2,7,19,36.8%,16,3,2,3,5,24,20.8%,14,1,6,0,6,21,28.6%,10,6,0,0,0,16,0.0%,14,5,0,1,1,20,5.0%,12,4,0,4,4,20,20.0%,74,23,13,10,23,120,19.2%,
9537,The Nature School of Central Indiana,5,6,3,1,4,15,26.7%,12,5,3,1,4,21,19.0%,7,4,3,1,4,15,26.7%,10,4,1,0,1,15,6.7%,8,5,0,1,1,14,7.1%,6,3,1,2,3,12,25.0%,48,27,11,6,17,92,18.5%,
9538,Herron Preparatory Academy,14,3,19,9,28,45,62.2%,10,17,18,5,23,50,46.0%,4,2,4,7,11,17,64.7%,,,,,,,,,,,,,,,,,,,,,,28,22,41,21,62,112,55.4%,
9545,21st Century Charter Sch of Gary,32,22,20,4,24,78,30.8%,56,12,18,0,18,86,20.9%,34,9,9,1,10,53,18.9%,58,10,6,1,7,75,9.3%,57,11,3,0,3,71,4.2%,67,13,3,0,3,83,3.6%,304,77,59,6,65,446,14.6%,
9555,East Chicago Urban Enterprise Academy,15,7,19,9,28,50,56.0%,12,13,16,6,22,47,46.8%,26,11,11,3,14,51,27.5%,24,16,3,1,4,44,9.1%,29,6,4,1,5,40,12.5%,31,13,4,1,5,49,10.2%,137,66,57,21,78,281,27.8%,
9575,Victory College Prep,21,17,25,11,36,74,48.6%,24,27,26,9,35,86,40.7%,20,17,22,17,39,76,51.3%,30,20,13,10,23,73,31.5%,33,24,15,8,23,80,28.8%,26,33,12,7,19,78,24.4%,154,138,113,62,175,467,37.5%,
9595,East Chicago Lighthouse Charter,34,11,2,4,6,51,11.8%,41,5,8,0,8,54,14.8%,34,9,2,1,3,46,6.5%,47,8,1,0,1,56,1.8%,35,9,1,1,2,46,4.3%,37,3,1,0,1,41,2.4%,228,45,15,6,21,294,7.1%,
9605,IN Sch for the Blind & Vis Imprd,***,***,***,***,***,2,***,***,***,***,***,***,9,***,***,***,***,***,***,8,***,***,***,***,***,***,7,***,***,***,***,***,***,4,***,***,***,***,***,***,5,***,31,4,0,0,0,35,0.0%,
9610,Indiana School For The Deaf,21,2,3,1,4,27,14.8%,16,1,0,0,0,17,0.0%,19,3,4,0,4,26,15.4%,28,8,3,0,3,39,7.7%,15,3,2,0,2,20,10.0%,19,2,2,0,2,23,8.7%,118,19,14,1,15,152,9.9%,
9615,Andrew J Brown Academy,39,13,10,5,15,67,22.4%,42,9,8,5,13,64,20.3%,22,14,13,11,24,60,40.0%,36,16,3,0,3,55,5.5%,34,13,4,1,5,52,9.6%,29,12,9,3,12,53,22.6%,202,77,47,25,72,351,20.5%,
9620,Burris Laboratory School,5,7,13,19,32,44,72.7%,7,8,16,15,31,46,67.4%,13,15,10,10,20,48,41.7%,20,14,11,12,23,57,40.4%,17,16,17,8,25,58,43.1%,15,22,12,12,24,61,39.3%,77,82,79,76,155,314,49.4%,
9645,Avondale Meadows Academy,39,14,7,0,7,60,11.7%,24,9,5,0,5,38,13.2%,,,,,,,,,,,,,,,,,,,,,,,,,,,,,63,23,12,0,12,98,12.2%,
9665,Geist Montessori Academy,8,4,19,13,32,44,72.7%,7,8,11,3,14,29,48.3%,11,8,5,1,6,25,24.0%,14,8,3,1,4,26,15.4%,***,***,***,***,***,7,***,***,***,***,***,***,8,***,47,33,39,20,59,139,42.4%,
9680,Paramount Brookside ,16,16,25,39,64,96,66.7%,31,21,26,7,33,85,38.8%,7,16,24,37,61,84,72.6%,14,5,20,50,70,89,78.7%,26,27,15,18,33,86,38.4%,17,17,31,11,42,76,55.3%,111,102,141,162,303,516,58.7%,
9685,Aspire Charter Academy,29,17,15,8,23,69,33.3%,40,20,15,3,18,78,23.1%,33,13,7,10,17,63,27.0%,50,10,10,3,13,73,17.8%,47,12,3,2,5,64,7.8%,46,12,3,5,8,66,12.1%,245,84,53,31,84,413,20.3%,
9690,Renaissance Academy Charter School,18,7,7,5,12,37,32.4%,13,7,10,4,14,34,41.2%,4,5,6,5,11,20,55.0%,6,3,12,8,20,29,69.0%,3,11,5,6,11,25,44.0%,4,10,4,3,7,21,33.3%,48,43,44,31,75,166,45.2%,
9705,Hammond Academy of Science & Tech,,,,,,,,,,,,,,,,,,,,,,42,29,16,3,19,90,21.1%,57,24,9,2,11,92,12.0%,41,22,11,6,17,80,21.3%,140,75,36,11,47,262,17.9%,
9722,Springville Community Academy,4,5,7,5,12,21,57.1%,8,3,7,1,8,19,42.1%,15,10,5,1,6,31,19.4%,9,4,3,1,4,17,23.5%,5,8,7,3,10,23,43.5%,***,***,***,***,***,9,***,43,33,31,13,44,120,36.7%,
9725,Canaan Community Academy,11,6,4,1,5,22,22.7%,10,6,2,3,5,21,23.8%,11,4,0,0,0,15,0.0%,16,2,0,0,0,18,0.0%,6,5,3,0,3,14,21.4%,7,6,0,1,1,14,7.1%,61,29,9,5,14,104,13.5%,
9735,Inspire Academy - A Sch of Inquiry,10,6,4,0,4,20,20.0%,16,2,1,0,1,19,5.3%,13,1,2,0,2,16,12.5%,20,0,0,0,0,20,0.0%,16,3,0,1,1,20,5.0%,14,1,0,0,0,15,0.0%,89,13,7,1,8,110,7.3%,
9737,Liberty Grove Schools,29,6,2,0,2,37,5.4%,34,5,1,0,1,40,2.5%,42,1,2,0,2,45,4.4%,28,3,1,1,2,33,6.1%,,,,,,,,,,,,,,,133,15,6,1,7,155,4.5%,
9760,Smith Academy for Excellence,,,,,,,,***,***,***,***,***,3,***,***,***,***,***,***,2,***,***,***,***,***,***,6,***,8,4,1,1,2,14,14.3%,10,1,1,0,1,12,8.3%,24,7,2,4,6,37,16.2%,
9785,IN Math & Science Academy,9,10,20,26,46,65,70.8%,25,16,20,1,21,62,33.9%,12,6,10,27,37,55,67.3%,12,5,15,20,35,52,67.3%,22,13,11,8,19,54,35.2%,18,12,12,16,28,58,48.3%,98,62,88,98,186,346,53.8%,
9790,Anderson Preparatory Academy,25,16,6,4,10,51,19.6%,37,9,6,1,7,53,13.2%,41,4,2,1,3,48,6.3%,61,7,2,1,3,71,4.2%,70,5,0,0,0,75,0.0%,64,10,1,1,2,76,2.6%,298,51,17,8,25,374,6.7%,
9829,Monarca Academy,,,,,,,,,,,,,,,,,,,,,,19,2,3,0,3,24,12.5%,44,23,5,6,11,78,14.1%,,,,,,,,63,25,8,6,14,102,13.7%,
9835,The Bloomington Project School,5,8,14,10,24,37,64.9%,8,6,10,9,19,33,57.6%,10,13,9,9,18,41,43.9%,10,11,7,4,11,32,34.4%,8,9,1,6,7,24,29.2%,10,3,5,10,15,28,53.6%,51,50,46,48,94,195,48.2%,
9870,Discovery Charter School,8,13,22,31,53,74,71.6%,17,17,20,20,40,74,54.1%,12,19,11,17,28,59,47.5%,25,14,6,5,11,50,22.0%,19,7,6,7,13,39,33.3%,21,8,6,7,13,42,31.0%,102,78,71,87,158,338,46.7%,
9875,Rock Creek Community Academy,13,9,25,10,35,57,61.4%,9,19,14,9,23,51,45.1%,12,16,13,8,21,49,42.9%,18,16,8,3,11,45,24.4%,23,20,10,0,10,53,18.9%,17,14,4,4,8,39,20.5%,92,94,74,34,108,294,36.7%,
9895,IN Math & Science Academy - North,26,8,7,0,7,41,17.1%,31,10,4,1,5,46,10.9%,35,4,4,0,4,43,9.3%,34,8,4,3,7,49,14.3%,49,20,0,0,0,69,0.0%,39,12,5,2,7,58,12.1%,214,62,24,6,30,306,9.8%,
9905,Indiana Connections Academy,82,33,41,11,52,167,31.1%,95,36,26,11,37,168,22.0%,132,43,21,13,34,209,16.3%,172,53,25,13,38,263,14.4%,167,130,24,17,41,338,12.1%,320,84,45,25,70,474,14.8%,968,379,182,90,272,1619,16.8%,
9920,Damar Charter Academy,***,***,***,***,***,2,***,***,***,***,***,***,5,***,***,***,***,***,***,6,***,***,***,***,***,***,7,***,***,***,***,***,***,4,***,11,0,1,0,1,12,8.3%,34,1,1,0,1,36,2.8%,
9925,Phalen Leadership Academy - IN Inc,16,10,3,0,3,29,10.3%,18,5,3,0,3,26,11.5%,10,7,0,1,1,18,5.6%,14,1,2,0,2,17,11.8%,21,3,0,0,0,24,0.0%,10,4,0,0,0,14,0.0%,89,30,8,1,9,128,7.0%,
9935,Vision Academy,32,13,3,1,4,49,8.2%,16,9,5,0,5,30,16.7%,14,10,7,0,7,31,22.6%,36,8,3,1,4,48,8.3%,27,13,1,1,2,42,4.8%,34,15,2,1,3,52,5.8%,159,68,21,4,25,252,9.9%,
9950,Dugger Union Community School Corp,19,13,12,2,14,46,30.4%,19,3,8,2,10,32,31.3%,21,13,7,4,11,45,24.4%,24,12,4,6,10,46,21.7%,41,7,2,0,2,50,4.0%,43,9,3,0,3,55,5.5%,167,57,36,14,50,274,18.2%,
9954,Phalen Leadership Academy at Louis B Russell School 48,24,8,9,0,9,41,22.0%,22,6,7,1,8,36,22.2%,23,8,4,1,5,36,13.9%,21,3,3,3,6,30,20.0%,,,,,,,,,,,,,,,90,25,23,5,28,143,19.6%,
9955,Mays Community Academy,5,4,3,0,3,12,25.0%,8,7,3,1,4,19,21.1%,8,5,1,1,2,15,13.3%,7,3,3,2,5,15,33.3%,,,,,,,,,,,,,,,28,19,10,4,14,61,23.0%,
9960,Success Academy Primary School,38,18,29,10,39,95,41.1%,54,13,13,0,13,80,16.3%,54,16,9,6,15,85,17.6%,,,,,,,,,,,,,,,,,,,,,,146,47,51,16,67,260,25.8%,
9965,Career Academy Middle School,,,,,,,,,,,,,,,,,,,,,,82,22,8,1,9,113,8.0%,117,17,5,0,5,139,3.6%,100,15,10,0,10,125,8.0%,299,54,23,1,24,377,6.4%,
9970,ACE Preparatory Academy,7,7,2,0,2,16,12.5%,7,7,5,1,6,20,30.0%,8,4,5,2,7,19,36.8%,,,,,,,,,,,,,,,,,,,,,,22,18,12,3,15,55,27.3%,
9975,Global Preparatory Academy,54,22,16,6,22,98,22.4%,28,5,10,3,13,46,28.3%,40,12,7,2,9,61,14.8%,59,9,2,0,2,70,2.9%,46,9,5,2,7,62,11.3%,31,3,3,0,3,37,8.1%,258,60,43,13,56,374,15.0%,
9980,Steel City Academy,20,2,1,0,1,23,4.3%,19,2,1,0,1,22,4.5%,23,2,0,0,0,25,0.0%,21,5,2,0,2,28,7.1%,9,4,1,0,1,14,7.1%,15,4,3,1,4,23,17.4%,107,19,8,1,9,135,6.7%,
9985,Seven Oaks Classical School,2,5,17,28,45,52,86.5%,0,6,14,23,37,43,86.0%,3,12,9,17,26,41,63.4%,4,6,7,16,23,33,69.7%,5,19,13,9,22,46,47.8%,5,8,8,5,13,26,50.0%,19,56,68,98,166,241,68.9%,
9990,Higher Institute of Arts & Tech,20,3,3,0,3,26,11.5%,17,5,1,1,2,24,8.3%,13,7,2,1,3,23,13.0%,23,2,2,0,2,27,7.4%,17,3,1,0,1,21,4.8%,20,4,1,0,1,25,4.0%,110,24,10,2,12,146,8.2%,
