2024 Spring-Summer Combined IREAD 3 Results,,,,
"Proficiency rates reflect best Spring/Summer result of first-time third grade cohort, including previous year 2nd grade proficient results",,,,
,,,,
Corp ID,Corporation Name,IREAD PASS N,IREAD TEST N,IREAD Pass %
0015,Adams Central Community Schools,75,88,85.2%
0025,North Adams Community Schools,77,98,78.6%
0035,South Adams Schools,81,93,87.1%
0125,MSD Southwest Allen County Schls,484,536,90.3%
0225,Northwest Allen County Schools,527,586,89.9%
0235,Fort Wayne Community Schools,1659,2171,76.4%
0255,East Allen County Schools,559,692,80.8%
0365,Bartholomew Con School Corp,723,851,85.0%
0370,Flat Rock-Hawcreek School Corp,51,56,91.1%
0395,Benton Community School Corp,83,102,81.4%
0515,Blackford County Schools,85,110,77.3%
0615,Western Boone Co Com Sch Dist,104,121,86.0%
0630,Zionsville Community Schools,567,599,94.7%
0665,Lebanon Community School Corp,219,270,81.1%
0670,Brown County School Corporation,98,109,89.9%
0750,Carroll Consolidated School Corp,59,72,81.9%
0755,Delphi Community School Corp,80,109,73.4%
0775,Pioneer Regional School Corp,48,63,76.2%
0815,Lewis Cass Schools ,86,105,81.9%
0875,Logansport Community Sch Corp,222,333,66.7%
0935,Borden-Henryville School Corporation,95,108,88.0%
0945,Silver Creek School Corporation,203,241,84.2%
1000,Clarksville Community School Corp,137,239,57.3%
1010,Greater Clark County Schools,620,755,82.1%
1125,Clay Community Schools,276,303,91.1%
1150,Clinton Central School Corporation,55,64,85.9%
1160,Clinton Prairie School Corporation,93,100,93.0%
1170,Community Schools of Frankfort,165,216,76.4%
1180,Rossville Con School District,72,84,85.7%
1300,Crawford County Community Sch Corp,71,89,79.8%
1315,Barr-Reeve Community Schools Inc,76,83,91.6%
1375,North Daviess Com Schools,88,94,93.6%
1405,Washington Community Schools,116,171,67.8%
1560,Sunman-Dearborn Com Sch Corp,256,283,90.5%
1600,South Dearborn Community Sch Corp,114,126,90.5%
1620,Lawrenceburg Community School Corp,139,144,96.5%
1655,Decatur County Community Schools,126,137,92.0%
1730,Greensburg Community Schools,150,153,98.0%
1805,DeKalb Co Eastern Com Sch Dist,92,96,95.8%
1820,Garrett-Keyser-Butler Com Sch Corp,102,124,82.3%
1835,DeKalb Co Ctl United Sch Dist,243,271,89.7%
1875,Delaware Community School Corp,159,173,91.9%
1885,Wes-Del Community Schools,61,66,92.4%
1895,Liberty-Perry Community Sch Corp,70,84,83.3%
1900,Cowan Community School Corp,49,61,80.3%
1910,Yorktown Community Schools,194,214,90.7%
1940,Daleville Community Schools,73,79,92.4%
1970,Muncie Community Schools,259,371,69.8%
2040,Northeast Dubois Co Sch Corp,43,49,87.8%
2100,Southeast Dubois Co Sch Corp,79,93,84.9%
2110,Southwest Dubois Co Sch Corp,137,161,85.1%
2120,Greater Jasper Consolidated Schs,269,286,94.1%
2155,Fairfield Community Schools,166,175,94.9%
2260,Baugo Community Schools,108,121,89.3%
2270,Concord Community Schools,288,370,77.8%
2275,Middlebury Community Schools,274,296,92.6%
2285,Wa-Nee Community Schools,201,226,88.9%
2305,Elkhart Community Schools,547,846,64.7%
2315,Goshen Community Schools,307,434,70.7%
2395,Fayette County School Corporation,177,209,84.7%
2400,New Albany-Floyd Co Con Sch,691,787,87.8%
2435,Attica Consolidated School Corp,32,33,97.0%
2440,Covington Community School Corp,52,61,85.2%
2455,Southeast Fountain School Corp,77,85,90.6%
2475,Franklin County Community Sch Corp,105,126,83.3%
2645,Rochester Community School Corp,116,132,87.9%
2650,Caston School Corporation,50,63,79.4%
2725,East Gibson School Corporation,49,58,84.5%
2735,North Gibson School Corporation,103,127,81.1%
2765,South Gibson School Corporation,106,121,87.6%
2815,Eastbrook Community Sch Corp,91,104,87.5%
2825,Madison-Grant United School Corp,69,94,73.4%
2855,Mississinewa Community School Corp,115,146,78.8%
2865,Marion Community Schools,185,245,75.5%
2920,Bloomfield School District,59,68,86.8%
2940,Eastern Greene Schools,64,78,82.1%
2950,Linton-Stockton School Corporation,87,100,87.0%
2960,MSD Shakamak Schools,41,43,95.3%
2980,White River Valley School District,51,67,76.1%
3005,Hamilton Southeastern Schools,1415,1505,94.0%
3025,Hamilton Heights School Corp,133,161,82.6%
3030,Westfield-Washington Schools,702,781,89.9%
3055,Sheridan Community Schools,73,89,82.0%
3060,Carmel Clay Schools,1088,1189,91.5%
3070,Noblesville Schools,696,783,88.9%
3115,New Palestine Community Schools,259,276,93.8%
3125,Greenfield-Central Com Schools,274,308,89.0%
3135,Mt Vernon Community School Corp,310,335,92.5%
3145,Eastern Hancock Co Com Sch Corp,81,87,93.1%
3160,Lanesville Community School Corp,73,74,98.6%
3180,North Harrison Com School Corp,146,166,88.0%
3190,South Harrison Com Schools,213,252,84.5%
3295,North West Hendricks Schools,139,140,99.3%
3305,Brownsburg Community School Corp,668,705,94.8%
3315,Avon Community School Corp,686,778,88.2%
3325,Danville Community School Corp,211,215,98.1%
3330,Plainfield Community School Corp,367,417,88.0%
3335,Mill Creek Community Sch Corp,91,104,87.5%
3405,Blue River Valley Schools,32,40,80.0%
3415,South Henry School Corp,44,48,91.7%
3435,Shenandoah School Corporation,75,88,85.2%
3445,New Castle Community School Corp,185,217,85.3%
3455,C A Beard Memorial School Corp,72,82,87.8%
3460,Taylor Community School Corp,55,81,67.9%
3470,Northwestern School Corp,110,120,91.7%
3480,Eastern Howard School Corporation,92,117,78.6%
3490,Western School Corporation,162,184,88.0%
3500,Kokomo School Corporation,295,378,78.0%
3625,Huntington Co Com Sch Corp,303,359,84.4%
3640,Medora Community School Corp,6,6,100.0%
3675,Seymour Community Schools,240,426,56.3%
3695,Brownstown Cnt Com Sch Corp,84,90,93.3%
3710,Crothersville Community Schools,24,39,61.5%
3785,Kankakee Valley School Corp,205,233,88.0%
3815,Rensselaer Central School Corp,89,104,85.6%
3945,Jay School Corporation,221,249,88.8%
3995,Madison Consolidated Schools,150,179,83.8%
4000,Southwestern-Jefferson Co Con,84,91,92.3%
4015,Jennings County School Corporation,211,250,84.4%
4145,Clark-Pleasant Community Sch Corp,454,521,87.1%
4205,Center Grove Community School Corp,652,705,92.5%
4215,Edinburgh Community School Corp,50,64,78.1%
4225,Franklin Community School Corp,316,377,83.8%
4245,Greenwood Community Sch Corp,263,281,93.6%
4255,Nineveh-Hensley-Jackson United,133,146,91.1%
4315,North Knox School Corp,73,88,83.0%
4325,South Knox School Corp,90,95,94.7%
4335,Vincennes Community School Corp,176,195,90.3%
4345,Wawasee Community School Corp,171,189,90.5%
4415,Warsaw Community Schools,461,561,82.2%
4445,Tippecanoe Valley School Corp,107,132,81.1%
4455,Whitko Community School Corp,76,96,79.2%
4515,Prairie Heights Community Sch Corp,105,121,86.8%
4525,Westview School Corporation,157,170,92.4%
4535,Lakeland School Corporation,69,93,74.2%
4570,NW Indiana Special Education Coop,1,2,50.0%
4580,Hanover Community School Corp,190,210,90.5%
4590,River Forest Community Sch Corp,98,123,79.7%
4600,Merrillville Community School Corp,333,419,79.5%
4615,Lake Central School Corporation,562,612,91.8%
4645,Tri-Creek School Corporation,235,255,92.2%
4650,Lake Ridge New Tech Schools,52,83,62.7%
4660,Crown Point Community School Corp,597,646,92.4%
4670,School City of East Chicago,122,217,56.2%
4680,Lake Station Community Schools,61,76,80.3%
4690,Gary Community School Corp,186,378,49.2%
4700,Griffith Public Schools,140,158,88.6%
4710,School City of Hammond,519,822,63.1%
4720,School Town of Highland,190,223,85.2%
4730,School City of Hobart,237,289,82.0%
4740,School Town of Munster,256,273,93.8%
4760,School City of Whiting,57,66,86.4%
4805,New Prairie United School Corp,198,208,95.2%
4860,MSD of New Durham Township,77,84,91.7%
4915,Tri-Township Cons School Corp,27,28,96.4%
4925,Michigan City Area Schools,280,376,74.5%
4940,South Central Com School Corp,73,76,96.1%
4945,La Porte Community School Corp,374,412,90.8%
5075,North Lawrence Com Schools,197,248,79.4%
5085,Mitchell Community Schools,75,96,78.1%
5245,Frankton-Lapel Community Schools,177,201,88.1%
5255,South Madison Com Sch Corp,314,340,92.4%
5265,Alexandria Community School Corp,78,92,84.8%
5275,Anderson Community School Corp,283,451,62.7%
5280,Elwood Community School Corp,83,104,79.8%
5300,MSD Decatur Township,374,494,75.7%
5310,Franklin Township Com Sch Corp,804,933,86.2%
5330,MSD Lawrence Township,781,1213,64.4%
5340,Perry Township Schools,842,1188,70.9%
5350,MSD Pike Township,534,728,73.4%
5360,MSD Warren Township,671,821,81.7%
5370,MSD Washington Township,630,751,83.9%
5375,MSD Wayne Township,727,1114,65.3%
5380,Beech Grove City Schools,147,185,79.5%
5385,Indianapolis Public Schools,1138,1902,59.8%
5390,Southside Sp Srvs Of Marion Co,0,6,0.0%
5400,School Town of Speedway,100,110,90.9%
5455,Culver Community Schools Corp,53,61,86.9%
5470,Argos Community Schools,50,56,89.3%
5480,Bremen Public Schools,81,98,82.7%
5485,Plymouth Community School Corp,177,228,77.6%
5495,Triton School Corporation,64,75,85.3%
5520,Shoals Community School Corp,21,31,67.7%
5525,Loogootee Community Sch Corp,50,65,76.9%
5615,Maconaquah School Corp,107,137,78.1%
5620,North Miami Community Schools,45,47,95.7%
5625,Oak Hill United School Corp,105,114,92.1%
5635,Peru Community Schools,106,126,84.1%
5705,Richland-Bean Blossom C S C,198,219,90.4%
5740,Monroe County Community Sch Corp,596,717,83.1%
5835,North Montgomery Com Sch Corp,114,140,81.4%
5845,South Montgomery Com Sch Corp,123,129,95.3%
5855,Crawfordsville Community Schools,141,175,80.6%
5900,Monroe-Gregg School District,102,122,83.6%
5910,Eminence Community School Corp,15,17,88.2%
5925,MSD Martinsville Schools,259,297,87.2%
5930,Mooresville Con School Corp,271,310,87.4%
5945,North Newton School Corp,71,81,87.7%
5995,South Newton School Corp,67,76,88.2%
6055,Central Noble Com School Corp,57,85,67.1%
6060,East Noble School Corporation,209,266,78.6%
6065,West Noble School Corporation,118,172,68.6%
6080,Rising Sun-Ohio Co Com,39,54,72.2%
6145,Orleans Community Schools,52,63,82.5%
6155,Paoli Community School Corp,94,106,88.7%
6160,Springs Valley Com School Corp,42,46,91.3%
6195,Spencer-Owen Community Schools,145,159,91.2%
6260,Southwest Parke Com Sch Corp,61,69,88.4%
6325,Perry Central Com Schools Corp,88,91,96.7%
6340,Cannelton City Schools,10,12,83.3%
6350,Tell City-Troy Twp School Corp,88,97,90.7%
6375,North Central Parke Comm Schl Corp,81,96,84.4%
6445,Pike County School Corp,90,102,88.2%
6455,Porter County Education Services,0,1,0.0%
6460,MSD Boone Township,62,69,89.9%
6470,Duneland School Corporation,377,405,93.1%
6510,East Porter County School Corp,165,188,87.8%
6520,Porter Township School Corp,87,92,94.6%
6530,Union Township School Corp,100,106,94.3%
6550,Portage Township Schools,382,489,78.1%
6560,Valparaiso Community Schools,457,484,94.4%
6590,MSD Mount Vernon,137,150,91.3%
6600,MSD North Posey Co Schools,93,97,95.9%
6620,Eastern Pulaski Community Sch Corp,63,73,86.3%
6630,West Central School Corp,38,51,74.5%
6705,South Putnam Community Schools,54,63,85.7%
6715,North Putnam Community Schools,71,84,84.5%
6750,Cloverdale Community Schools,214,255,83.9%
6755,Greencastle Community School Corp,112,140,80.0%
6795,Union School Corporation,122,276,44.2%
6805,Randolph Southern School Corp,33,42,78.6%
6820,Monroe Central School Corp,85,93,91.4%
6825,Randolph Central School Corp,102,118,86.4%
6835,Randolph Eastern School Corp,47,60,78.3%
6865,South Ripley Com Sch Corp,60,61,98.4%
6895,Batesville Community School Corp,156,160,97.5%
6900,Jac-Cen-Del Community Sch Corp,50,54,92.6%
6910,Milan Community Schools,59,72,81.9%
6995,Rush County Schools,108,126,85.7%
7150,John Glenn School Corporation,150,158,94.9%
7175,Penn-Harris-Madison School Corp,739,851,86.8%
7200,School City of Mishawaka,307,390,78.7%
7205,South Bend Community School Corp,605,974,62.1%
7215,Union-North United School Corp,80,102,78.4%
7230,Scott County School District 1,66,95,69.5%
7255,Scott County School District 2,199,223,89.2%
7285,Shelby Eastern Schools,75,93,80.6%
7350,Northwestern Con School Corp,80,92,87.0%
7360,Southwestern Con Sch Shelby Co,33,40,82.5%
7365,Shelbyville Central Schools,227,272,83.5%
7385,North Spencer County Sch Corp,142,154,92.2%
7445,South Spencer County Sch Corp,85,89,95.5%
7495,Oregon-Davis School Corp,27,29,93.1%
7515,North Judson-San Pierre Sch Corp,53,58,91.4%
7525,Knox Community School Corp,112,133,84.2%
7605,Fremont Community Schools,67,79,84.8%
7610,Hamilton Community Schools,26,28,92.9%
7615,MSD Steuben County,155,187,82.9%
7645,Northeast School Corp,44,49,89.8%
7715,Southwest School Corporation,106,130,81.5%
7775,Switzerland County School Corp,98,117,83.8%
7855,Lafayette School Corporation,540,603,89.6%
7865,Tippecanoe School Corp,901,1055,85.4%
7875,West Lafayette Com School Corp,159,175,90.9%
7935,Tri-Central Community Schools,54,58,93.1%
7945,Tipton Community School Corp,84,90,93.3%
7950,Union Co/Clg Corner Joint Sch Dist,98,110,89.1%
7995,Evansville Vanderburgh School Corp,1171,1594,73.5%
8010,North Vermillion Com Sch Corp,30,37,81.1%
8020,South Vermillion Com Sch Corp,106,121,87.6%
8030,Vigo County School Corp,768,956,80.3%
8045,Manchester Community Schools,69,82,84.1%
8050,MSD Wabash County Schools,102,117,87.2%
8060,Wabash City Schools,71,92,77.2%
8115,MSD Warren County,99,117,84.6%
8130,Warrick County School Corp,675,730,92.5%
8205,Salem Community Schools,89,124,71.8%
8215,East Washington School Corp,81,100,81.0%
8220,West Washington School Corp,66,67,98.5%
8305,Nettle Creek School Corporation,67,78,85.9%
8355,Western Wayne Schools,40,50,80.0%
8360,Centerville-Abington Com Schs,114,131,87.0%
8375,Northeastern Wayne Schools,74,78,94.9%
8385,Richmond Community Schools,219,314,69.7%
8425,Southern Wells Com Schools,65,76,85.5%
8435,Norwell Community Schools,149,175,85.1%
8445,MSD Bluffton-Harrison,128,146,87.7%
8515,North White School Corp,49,69,71.0%
8525,Frontier School Corporation,41,52,78.8%
8535,Tri-County School Corporation,47,53,88.7%
8565,Twin Lakes School Corp,125,168,74.4%
8625,Smith-Green Community Schools,86,88,97.7%
8665,Whitley County Con Schools,217,247,87.9%
8675,Invent Learning Hub,13,21,61.9%
8685,PLA at George H Fisher School 93,27,52,51.9%
8690,Dynamic Minds Academy,1,5,20.0%
8950,Phalen Leadership Academy at Francis Scott Key School 103,46,86,53.5%
8980,The PATH School,40,77,51.9%
9000,Phalen Virtual Leadership Academy,10,15,66.7%
9004,Paramount School of Excellence South Bend,21,28,75.0%
9022,Paramount School of Excellence Lafayette,6,16,37.5%
9027,Success Academy at Boys and Girls Club,5,15,33.3%
9030,Otwell Miller Academy,16,17,94.1%
9043,Premier Arts Academy,28,29,96.6%
9054,The Genius School,13,17,76.5%
9060,Paramount Cottage Home,61,81,75.3%
9065,Allegiant Preparatory Academy,25,25,100.0%
9085,pilotED Schools,31,43,72.1%
9090,Matchbook Learning  ,28,75,37.3%
9130,Adelante Schools,23,32,71.9%
9150,Circle City Prep Charter School,29,43,67.4%
9200,Archdiocese of Indianapolis,1525,1673,91.2%
9205,Diocese of Gary,432,453,95.4%
9210,Diocese of Lafayette Catholic Sch,392,410,95.6%
9215,Diocese of Evansville,502,521,96.4%
9220,Diocese of Fort Wayne - South Bend,997,1082,92.1%
9230,Lutheran Schools of Indiana,695,755,92.1%
9240,The Oaks Academy,104,107,97.2%
9310,Charter School of the Dunes,42,79,53.2%
9320,Community Montessori Inc,22,36,61.1%
9330,Irvington Community School,38,54,70.4%
9350,Timothy L Johnson Academy,35,58,60.3%
9365,Enlace Academy,30,74,40.5%
9380,Christel House Academy South,35,50,70.0%
9395,Christel House Academy West,38,54,70.4%
9410,KIPP Indy Unite Elementary,54,107,50.5%
9425,Tindley Genesis Academy,39,64,60.9%
9430,Tindley Summit Academy,19,33,57.6%
9460,Thea Bowman Leadership Academy,40,61,65.6%
9465,Rural Community Schools Inc,6,6,100.0%
9485,SE Neighborhood Sch of Excellence,42,68,61.8%
9495,Joshua Academy,34,42,81.0%
9531,Paramount Online Academy,9,13,69.2%
9533,Promise Prep,7,17,41.2%
9534,Indy Steam Academy,18,26,69.2%
9535,Gary Lighthouse Charter School,60,79,75.9%
9536,Lawrence County Independent Schools,18,21,85.7%
9537,The Nature School of Central Indiana,12,14,85.7%
9538,Herron Preparatory Academy,33,35,94.3%
9545,21st Century Charter Sch of Gary,54,76,71.1%
9555,East Chicago Urban Enterprise Academy,41,48,85.4%
9575,Victory College Prep,55,72,76.4%
9595,East Chicago Lighthouse Charter,40,51,78.4%
9605,IN Sch for the Blind & Vis Imprd,1,2,50.0%
9610,Indiana School For The Deaf,1,24,4.2%
9615,Andrew J Brown Academy,33,68,48.5%
9620,Burris Laboratory School,39,41,95.1%
9645,Avondale Meadows Academy,33,53,62.3%
9665,Geist Montessori Academy,36,42,85.7%
9680,Paramount Brookside ,93,100,93.0%
9685,Aspire Charter Academy,38,62,61.3%
9690,Renaissance Academy Charter School,35,37,94.6%
9722,Springville Community Academy,18,20,90.0%
9725,Canaan Community Academy,10,19,52.6%
9735,Inspire Academy - A Sch of Inquiry,10,20,50.0%
9737,Liberty Grove Schools,14,34,41.2%
9785,IN Math & Science Academy,58,63,92.1%
9790,Anderson Preparatory Academy,37,50,74.0%
9835,The Bloomington Project School,32,36,88.9%
9870,Discovery Charter School,68,79,86.1%
9875,Rock Creek Community Academy,55,58,94.8%
9895,IN Math & Science Academy - North,29,41,70.7%
9905,Indiana Connections Academy,96,155,61.9%
9920,Damar Charter Academy,0,2,0.0%
9925,Phalen Leadership Academy - IN Inc,15,27,55.6%
9935,Vision Academy,26,46,56.5%
9950,Dugger Union Community School Corp,34,43,79.1%
9954,Phalen Leadership Academy at Louis B Russell School 48,24,40,60.0%
9955,Mays Community Academy,12,14,85.7%
9960,Success Academy Primary School,66,93,71.0%
9970,ACE Preparatory Academy,19,21,90.5%
9975,Global Preparatory Academy,55,96,57.3%
9980,Steel City Academy,14,20,70.0%
9985,Seven Oaks Classical School,46,50,92.0%
9990,Higher Institute of Arts & Tech,12,25,48.0%
