Day of Year,Last Updated,Year of Period End,Period Begin,Period End,Median Sale Price Yoy (tooltip),Median Sale Price Yoy,Median Sale Price
1,2/5/2025 14:47,2023,12/5/2022,1/1/2023,2.94%,0.02936395,"229,023.70"
2,2/5/2025 14:47,2022,12/6/2021,1/2/2022,13.41%,0.134070723,"222,490.50"
5,2/5/2025 14:47,2025,12/9/2024,1/5/2025,-3.95%,-0.039492836,"227,735"
7,2/5/2025 14:47,2024,12/11/2023,1/7/2024,0.50%,0.004980424,"237,098.70"
8,2/5/2025 14:47,2023,12/12/2022,1/8/2023,7.42%,0.074196824,"235,923.70"
9,2/5/2025 14:47,2022,12/13/2021,1/9/2022,9.83%,0.09834594,"219,628"
12,2/5/2025 14:47,2025,12/16/2024,1/12/2025,4.51%,0.045084401,"235,835"
14,2/5/2025 14:47,2024,12/18/2023,1/14/2024,-7.70%,-0.076951018,"225,661.20"
15,2/5/2025 14:47,2023,12/19/2022,1/15/2023,9.46%,0.094561971,"244,473.70"
16,2/5/2025 14:47,2022,12/20/2021,1/16/2022,8.63%,0.086347276,"223,353"
19,2/5/2025 14:47,2025,12/23/2024,1/19/2025,4.06%,0.04057335,"235,211.20"
21,2/5/2025 14:47,2024,12/25/2023,1/21/2024,-7.16%,-0.071604038,"226,040"
22,2/5/2025 14:47,2023,12/26/2022,1/22/2023,7.40%,0.073990737,"243,473.70"
23,2/5/2025 14:47,2022,12/27/2021,1/23/2022,16.74%,0.167428388,"226,700"
26,2/5/2025 14:47,2025,12/30/2024,1/26/2025,7.30%,0.072970938,"240,725"
28,2/5/2025 14:47,2024,1/1/2024,1/28/2024,-6.49%,-0.064900698,"224,353.70"
29,2/5/2025 14:47,2023,1/2/2023,1/29/2023,6.17%,0.061732493,"239,925"
30,2/5/2025 14:47,2022,1/3/2022,1/30/2022,18.90%,0.188951003,"225,975"
33,2/5/2025 14:47,2025,1/6/2025,2/2/2025,11.31%,0.113110804,"248,200"
35,2/5/2025 14:47,2024,1/8/2024,2/4/2024,-4.11%,-0.041106488,"222,978.70"
36,2/5/2025 14:47,2023,1/9/2023,2/5/2023,3.59%,0.03591714,"232,537.50"
37,2/5/2025 14:47,2022,1/10/2022,2/6/2022,17.03%,0.17028348,"224,475"
42,2/5/2025 14:47,2024,1/15/2024,2/11/2024,1.98%,0.019826712,"234,228.70"
43,2/5/2025 14:47,2023,1/16/2023,2/12/2023,7.07%,0.070745921,"229,675"
44,2/5/2025 14:47,2022,1/17/2022,2/13/2022,1.27%,0.012688109,"214,500"
49,2/5/2025 14:47,2024,1/22/2024,2/18/2024,3.79%,0.037894507,"237,600"
50,2/5/2025 14:47,2023,1/23/2023,2/19/2023,3.24%,0.032356257,"228,925"
51,2/5/2025 14:47,2022,1/24/2022,2/20/2022,-3.27%,-0.032715376,"221,750"
56,2/5/2025 14:47,2024,1/29/2024,2/25/2024,-0.01%,-5.17E-05,"241,850"
57,2/5/2025 14:47,2023,1/30/2023,2/26/2023,9.22%,0.092238216,"241,862.50"
58,2/5/2025 14:47,2022,1/31/2022,2/27/2022,-3.83%,-0.038273616,"221,437.50"
63,2/5/2025 14:47,2024,2/5/2024,3/3/2024,4.19%,0.04187115,"249,450"
64,2/5/2025 14:47,2023,2/6/2023,3/5/2023,5.16%,0.051608653,"239,425"
65,2/5/2025 14:47,2022,2/7/2022,3/6/2022,-4.48%,-0.04483717,"227,675"
70,2/5/2025 14:47,2024,2/12/2024,3/10/2024,7.02%,0.070248798,"255,950"
71,2/5/2025 14:47,2023,2/13/2023,3/12/2023,2.79%,0.027938964,"239,150"
72,2/5/2025 14:47,2022,2/14/2022,3/13/2022,10.99%,0.109905182,"232,650"
77,2/5/2025 14:47,2024,2/19/2024,3/17/2024,8.62%,0.086151285,"260,975"
78,2/5/2025 14:47,2023,2/20/2023,3/19/2023,2.08%,0.020817844,"240,275"
79,2/5/2025 14:47,2022,2/21/2022,3/20/2022,12.16%,0.121634501,"235,375"
84,2/5/2025 14:47,2024,2/26/2024,3/24/2024,9.90%,0.098982325,"256,475"
85,2/5/2025 14:47,2023,2/27/2023,3/26/2023,-2.34%,-0.02338233,"233,375"
86,2/5/2025 14:47,2022,2/28/2022,3/27/2022,11.27%,0.11268935,"238,962.50"
91,2/5/2025 14:47,2024,3/4/2024,3/31/2024,4.33%,0.043305775,"251,123.70"
92,2/5/2025 14:47,2023,3/6/2023,4/2/2023,0.56%,0.005640276,"240,700"
93,2/5/2025 14:47,2022,3/7/2022,4/3/2022,13.29%,0.132890653,"239,350"
98,2/5/2025 14:47,2024,3/11/2024,4/7/2024,1.06%,0.010620203,"250,861.20"
99,2/5/2025 14:47,2023,3/13/2023,4/9/2023,0.83%,0.008276212,"248,225"
100,2/5/2025 14:47,2022,3/14/2022,4/10/2022,14.33%,0.143270384,"246,187.50"
105,2/5/2025 14:47,2024,3/18/2024,4/14/2024,-0.05%,-0.000463666,"248,986.20"
106,2/5/2025 14:47,2023,3/20/2023,4/16/2023,10.24%,0.102402832,"249,101.70"
107,2/5/2025 14:47,2022,3/21/2022,4/17/2022,9.31%,0.093065285,"225,962.50"
112,2/5/2025 14:47,2024,3/25/2024,4/21/2024,2.90%,0.02904735,"256,736.20"
113,2/5/2025 14:47,2023,3/27/2023,4/23/2023,9.45%,0.094502901,"249,489.20"
114,2/5/2025 14:47,2022,3/28/2022,4/24/2022,9.43%,0.094257426,"227,947.50"
119,2/5/2025 14:47,2024,4/1/2024,4/28/2024,9.69%,0.09685377,"266,112.30"
120,2/5/2025 14:47,2023,4/3/2023,4/30/2023,5.14%,0.051427209,"242,614.20"
121,2/5/2025 14:47,2022,4/4/2022,5/1/2022,8.62%,0.086190056,"230,747.50"
126,2/5/2025 14:47,2024,4/8/2024,5/5/2024,8.54%,0.08544163,"265,487.30"
127,2/5/2025 14:47,2023,4/10/2023,5/7/2023,3.02%,0.030185429,"244,589.20"
128,2/5/2025 14:47,2022,4/11/2022,5/8/2022,7.86%,0.078641604,"237,422.50"
133,2/5/2025 14:47,2024,4/15/2024,5/12/2024,10.70%,0.107014442,"282,662.30"
134,2/5/2025 14:47,2023,4/17/2023,5/14/2023,1.66%,0.016582229,"255,337.50"
135,2/5/2025 14:47,2022,4/18/2022,5/15/2022,11.64%,0.116384244,"251,172.50"
140,2/5/2025 14:47,2024,4/22/2024,5/19/2024,6.72%,0.067200307,"277,912.30"
141,2/5/2025 14:47,2023,4/24/2023,5/21/2023,5.04%,0.050421015,"260,412.50"
142,2/5/2025 14:47,2022,4/25/2022,5/22/2022,10.31%,0.103120307,"247,912.50"
147,2/5/2025 14:47,2024,4/29/2024,5/26/2024,0.96%,0.009552836,"277,412.50"
148,2/5/2025 14:47,2023,5/1/2023,5/28/2023,7.34%,0.073441086,"274,787.50"
149,2/5/2025 14:47,2022,5/2/2022,5/29/2022,11.67%,0.116691205,"255,987.50"
154,2/5/2025 14:47,2024,5/6/2024,6/2/2024,-1.48%,-0.014771116,"269,300"
155,2/5/2025 14:47,2023,5/8/2023,6/4/2023,13.65%,0.136538462,"273,337.50"
156,2/5/2025 14:47,2022,5/9/2022,6/5/2022,4.23%,0.042253521,"240,500"
161,2/5/2025 14:47,2024,5/13/2024,6/9/2024,-2.38%,-0.02381066,"255,725"
162,2/5/2025 14:47,2023,5/15/2023,6/11/2023,9.44%,0.094360313,"261,962.50"
163,2/5/2025 14:47,2022,5/16/2022,6/12/2022,2.92%,0.029182566,"239,375"
168,2/5/2025 14:47,2024,5/20/2024,6/16/2024,-0.04%,-0.000430478,"261,225"
169,2/5/2025 14:47,2023,5/22/2023,6/18/2023,6.94%,0.069411765,"261,337.50"
170,2/5/2025 14:47,2022,5/23/2022,6/19/2022,4.51%,0.045063345,"244,375"
175,2/5/2025 14:47,2024,5/27/2024,6/23/2024,1.27%,0.012710409,"257,950"
176,2/5/2025 14:47,2023,5/29/2023,6/25/2023,3.70%,0.036997455,"254,712.50"
177,2/5/2025 14:47,2022,5/30/2022,6/26/2022,10.47%,0.104739416,"245,625"
182,2/5/2025 14:47,2024,6/3/2024,6/30/2024,7.93%,0.079267669,"263,800"
183,2/5/2025 14:47,2023,6/5/2023,7/2/2023,-4.01%,-0.04005891,"244,425"
184,2/5/2025 14:47,2022,6/6/2022,7/3/2022,17.06%,0.170555109,"254,625"
189,2/5/2025 14:47,2024,6/10/2024,7/7/2024,5.09%,0.05092935,"266,450"
190,2/5/2025 14:47,2023,6/12/2023,7/9/2023,-1.35%,-0.013472763,"253,537.50"
191,2/5/2025 14:47,2022,6/13/2022,7/10/2022,19.15%,0.191538684,"257,000"
196,2/5/2025 14:47,2024,6/17/2024,7/14/2024,6.54%,0.065392201,"263,325"
197,2/5/2025 14:47,2023,6/19/2023,7/16/2023,-2.52%,-0.025240325,"247,162.50"
198,2/5/2025 14:47,2022,6/20/2022,7/17/2022,18.39%,0.18390335,"253,562.50"
203,2/5/2025 14:47,2024,6/24/2024,7/21/2024,6.93%,0.069298379,"263,087.50"
204,2/5/2025 14:47,2023,6/26/2023,7/23/2023,-1.59%,-0.015889364,"246,037.50"
205,2/5/2025 14:47,2022,6/27/2022,7/24/2022,14.89%,0.148877018,"250,010"
210,2/5/2025 14:47,2024,7/1/2024,7/28/2024,9.37%,0.093680146,"269,100"
211,2/5/2025 14:47,2023,7/3/2023,7/30/2023,-3.94%,-0.039373768,"246,050"
212,2/5/2025 14:47,2022,7/4/2022,7/31/2022,16.86%,0.168632371,"256,135"
217,2/5/2025 14:47,2024,7/8/2024,8/4/2024,14.30%,0.143004235,"266,534.30"
218,2/5/2025 14:47,2023,7/10/2023,8/6/2023,-8.51%,-0.085126626,"233,187.50"
219,2/5/2025 14:47,2022,7/11/2022,8/7/2022,13.38%,0.133830071,"254,885"
224,2/5/2025 14:47,2024,7/15/2024,8/11/2024,8.82%,0.088240245,"266,346.80"
225,2/5/2025 14:47,2023,7/17/2023,8/13/2023,-5.71%,-0.057103507,"244,750"
226,2/5/2025 14:47,2022,7/18/2022,8/14/2022,13.75%,0.1375404,"259,572.50"
231,2/5/2025 14:47,2024,7/22/2024,8/18/2024,13.81%,0.138099184,"278,834.30"
232,2/5/2025 14:47,2023,7/24/2023,8/20/2023,-5.08%,-0.050847458,"245,000"
233,2/5/2025 14:47,2022,7/25/2022,8/21/2022,12.23%,0.122282609,"258,125"
238,2/5/2025 14:47,2024,7/29/2024,8/25/2024,6.21%,0.062076816,"266,846.80"
239,2/5/2025 14:47,2023,7/31/2023,8/27/2023,-0.93%,-0.009315393,"251,250"
240,2/5/2025 14:47,2022,8/1/2022,8/28/2022,8.79%,0.087882038,"253,612.50"
245,2/5/2025 14:47,2024,8/5/2024,9/1/2024,2.83%,0.028273521,"265,037.50"
246,2/5/2025 14:47,2023,8/7/2023,9/3/2023,1.13%,0.011329639,"257,750"
247,2/5/2025 14:47,2022,8/8/2022,9/4/2022,10.78%,0.107796794,"254,862.50"
252,2/5/2025 14:47,2024,8/12/2024,9/8/2024,4.53%,0.04530777,"258,975"
253,2/5/2025 14:47,2023,8/14/2023,9/10/2023,-1.23%,-0.012308766,"247,750"
254,2/5/2025 14:47,2022,8/15/2022,9/11/2022,9.09%,0.090894265,"250,837.50"
259,2/5/2025 14:47,2024,8/19/2024,9/15/2024,-3.48%,-0.03483441,"238,975"
260,2/5/2025 14:47,2023,8/21/2023,9/17/2023,1.23%,0.012316656,"247,600"
261,2/5/2025 14:47,2022,8/22/2022,9/18/2022,4.66%,0.046643488,"244,587.50"
266,2/5/2025 14:47,2024,8/26/2024,9/22/2024,-2.61%,-0.026066995,"242,850"
267,2/5/2025 14:47,2023,8/28/2023,9/24/2023,6.23%,0.062306103,"249,349.80"
268,2/5/2025 14:47,2022,8/29/2022,9/25/2022,-2.42%,-0.024201953,"234,725"
273,2/5/2025 14:47,2024,9/2/2024,9/29/2024,-1.82%,-0.018229529,"243,822.50"
274,2/5/2025 14:47,2023,9/4/2023,10/1/2023,0.98%,0.009757268,"248,349.80"
275,2/5/2025 14:47,2022,9/5/2022,10/2/2022,1.23%,0.012309886,"245,950"
280,2/5/2025 14:47,2024,9/9/2024,10/6/2024,-4.48%,-0.044839352,"243,422.50"
281,2/5/2025 14:47,2023,9/11/2023,10/8/2023,1.44%,0.0144285,"254,849.80"
282,2/5/2025 14:47,2022,9/12/2022,10/9/2022,6.36%,0.06356992,"251,225"
287,2/5/2025 14:47,2024,9/16/2024,10/13/2024,3.10%,0.03100898,"259,040.80"
288,2/5/2025 14:47,2023,9/18/2023,10/15/2023,-6.72%,-0.067199554,"251,249.80"
289,2/5/2025 14:47,2022,9/19/2022,10/16/2022,13.43%,0.134300124,"269,350"
294,2/5/2025 14:47,2024,9/23/2024,10/20/2024,6.03%,0.060338928,"259,040.80"
295,2/5/2025 14:47,2023,9/25/2023,10/22/2023,-11.84%,-0.11836882,"244,300"
296,2/5/2025 14:47,2022,9/26/2022,10/23/2022,21.15%,0.211498524,"277,100"
301,2/5/2025 14:47,2024,9/30/2024,10/27/2024,7.61%,0.076118849,"258,053.30"
302,2/5/2025 14:47,2023,10/2/2023,10/29/2023,-6.28%,-0.062823644,"239,800"
303,2/5/2025 14:47,2022,10/3/2022,10/30/2022,12.41%,0.124107633,"255,875"
308,2/5/2025 14:47,2024,10/7/2024,11/3/2024,12.35%,0.12349757,"261,828.30"
309,2/5/2025 14:47,2023,10/9/2023,11/5/2023,-8.20%,-0.082038405,"233,047.50"
310,2/5/2025 14:47,2022,10/10/2022,11/6/2022,14.68%,0.146809712,"253,875"
315,2/5/2025 14:47,2024,10/14/2024,11/10/2024,3.82%,0.038157881,"246,222.50"
316,2/5/2025 14:47,2023,10/16/2023,11/12/2023,-1.28%,-0.012809573,"237,172.50"
317,2/5/2025 14:47,2022,10/17/2022,11/13/2022,12.33%,0.123319696,"240,250"
322,2/5/2025 14:47,2024,10/21/2024,11/17/2024,0.77%,0.007694963,"248,160"
323,2/5/2025 14:47,2023,10/23/2023,11/19/2023,0.27%,0.002656624,"246,265"
324,2/5/2025 14:47,2022,10/24/2022,11/20/2022,16.55%,0.165490243,"245,612.50"
329,2/5/2025 14:47,2024,10/28/2024,11/24/2024,-3.14%,-0.031385176,"249,675"
330,2/5/2025 14:47,2023,10/30/2023,11/26/2023,3.89%,0.038903723,"257,765"
331,2/5/2025 14:47,2022,10/31/2022,11/27/2022,16.36%,0.163550032,"248,112.50"
336,2/5/2025 14:47,2024,11/4/2024,12/1/2024,-7.34%,-0.073366077,"249,037.50"
337,2/5/2025 14:47,2023,11/6/2023,12/3/2023,8.55%,0.085495027,"268,755"
338,2/5/2025 14:47,2022,11/7/2022,12/4/2022,12.04%,0.120368799,"247,587.50"
343,2/5/2025 14:47,2024,11/11/2024,12/8/2024,-3.75%,-0.037524274,"252,775"
344,2/5/2025 14:47,2023,11/13/2023,12/10/2023,7.77%,0.077732752,"262,630"
345,2/5/2025 14:47,2022,11/14/2022,12/11/2022,9.35%,0.0935046,"243,687.50"
350,2/5/2025 14:47,2024,11/18/2024,12/15/2024,-4.64%,-0.046389733,"243,337.50"
351,2/5/2025 14:47,2023,11/20/2023,12/17/2023,9.81%,0.0980582,"255,175"
352,2/5/2025 14:47,2022,11/21/2022,12/18/2022,3.98%,0.039823256,"232,387.50"
357,2/5/2025 14:47,2024,11/25/2024,12/22/2024,-0.80%,-0.008031483,"239,461.20"
358,2/5/2025 14:47,2023,11/27/2023,12/24/2023,2.07%,0.02066487,"241,400"
359,2/5/2025 14:47,2022,11/28/2022,12/25/2022,7.38%,0.073760984,"236,512.50"
364,2/5/2025 14:47,2024,12/2/2024,12/29/2024,1.12%,0.011166622,"236,460"
365,2/5/2025 14:47,2023,12/4/2023,12/31/2023,2.11%,0.021067689,"233,848.70"
